image,frame,xmin,ymin,xmax,ymax,label,confidence
IMG_00018.JPG,18,522.8,130.1,623.7,180.6,cattle,0.8707
IMG_00018.JPG,18,672.4,142.5,773.3,192.9,cattle,0.7737
IMG_00019.JPG,19,702.4,213.5,804.3,264.4,cattle,0.9247
IMG_00019.JPG,19,371.0,685.0,472.9,735.9,cattle,0.7919
IMG_00019.JPG,19,196.9,49.5,298.8,100.5,cattle,0.7509
IMG_00019.JPG,19,516.9,1066.7,618.8,1117.7,cattle,0.8193
IMG_00019.JPG,19,740.5,865.9,842.4,916.8,cattle,0.8429
IMG_00019.JPG,19,765.5,40.9,867.4,91.8,cattle,0.9102
IMG_00019.JPG,19,664.3,1075.6,766.2,1126.6,cattle,0.9562
IMG_00019.JPG,19,908.0,810.9,1009.9,861.9,cattle,0.9327
IMG_00019.JPG,19,353.8,469.0,455.7,520.0,cattle,0.7928
IMG_00019.JPG,19,615.4,67.0,717.3,118.0,cattle,0.6536
IMG_00019.JPG,19,646.4,466.6,748.3,517.5,cattle,0.6674
IMG_00020.JPG,20,704.8,1088.6,806.7,1139.6,cattle,0.9888
IMG_00020.JPG,20,373.5,1564.6,475.4,1615.5,goat,0.5614
IMG_00020.JPG,20,1400.8,778.7,1502.7,829.7,cattle,0.8777
IMG_00020.JPG,20,201.0,931.2,302.8,982.1,cattle,0.8780
IMG_00020.JPG,20,515.9,1940.6,617.7,1991.5,cattle,0.8848
IMG_00020.JPG,20,-17.7,555.5,84.1,606.4,cattle,0.9575
IMG_00020.JPG,20,920.9,859.6,1022.7,910.6,cattle,0.8978
IMG_00020.JPG,20,741.5,1747.6,843.4,1798.5,cattle,0.9755
IMG_00020.JPG,20,769.4,910.4,871.2,961.3,cattle,0.9390
IMG_00020.JPG,20,177.1,699.1,278.9,750.1,cattle,0.9066
IMG_00020.JPG,20,656.4,1955.7,758.3,2006.6,cattle,0.8620
IMG_00020.JPG,20,909.0,1691.6,1010.8,1742.5,cattle,0.8997
IMG_00020.JPG,20,728.0,251.8,829.8,302.7,cattle,0.8575
IMG_00020.JPG,20,354.4,1349.2,456.2,1400.1,cattle,0.7408
IMG_00020.JPG,20,610.7,944.3,712.6,995.2,cattle,0.8337
IMG_00020.JPG,20,641.3,1339.0,743.2,1389.9,cattle,0.8776
IMG_00021.JPG,21,708.3,1989.0,809.6,2039.7,goat,0.5882
IMG_00021.JPG,21,365.8,2464.0,467.0,2514.6,cattle,0.9832
IMG_00021.JPG,21,1405.0,1676.7,1506.3,1727.4,cattle,0.8275
IMG_00021.JPG,21,198.4,1831.0,299.7,1881.6,cattle,0.7899
IMG_00021.JPG,21,514.4,2839.2,615.7,2889.9,cattle,0.8725
IMG_00021.JPG,21,-19.4,1453.8,81.9,1504.4,cattle,0.7735
IMG_00021.JPG,21,919.0,1754.0,1020.3,1804.7,cattle,0.9618
IMG_00021.JPG,21,742.1,2641.0,843.4,2691.6,cattle,0.8806
IMG_00021.JPG,21,766.3,1812.5,867.6,1863.2,cattle,0.9123
IMG_00021.JPG,21,168.1,1603.6,269.4,1654.2,cattle,0.8860
IMG_00021.JPG,21,657.5,2849.6,758.8,2900.2,cattle,0.9281
IMG_00021.JPG,21,906.9,2587.6,1008.2,2638.2,cattle,0.8498
IMG_00021.JPG,21,721.4,1151.9,822.6,1202.5,cattle,0.8544
IMG_00021.JPG,21,353.2,2252.0,454.5,2302.7,cattle,0.9634
IMG_00021.JPG,21,609.7,1842.4,711.0,1893.0,cattle,0.8062
IMG_00021.JPG,21,648.1,2241.1,749.4,2291.7,cattle,0.9226
IMG_00022.JPG,22,707.5,2900.8,809.9,2952.0,cattle,0.8594
IMG_00022.JPG,22,1402.2,2583.8,1504.6,2635.0,cattle,0.9164
IMG_00022.JPG,22,200.6,2738.8,303.0,2790.0,cattle,0.8563
IMG_00022.JPG,22,-23.0,2366.2,79.4,2417.4,cattle,0.9350
IMG_00022.JPG,22,911.3,2662.9,1013.7,2714.1,cattle,0.5614
IMG_00022.JPG,22,423.5,1577.9,525.9,1629.1,cattle,0.6914
IMG_00022.JPG,22,765.9,2724.4,868.3,2775.6,cattle,0.7439
IMG_00022.JPG,22,166.9,2512.8,269.3,2564.0,cattle,0.8552
IMG_00022.JPG,22,713.7,2063.2,816.1,2114.4,cattle,0.9435
IMG_00022.JPG,22,606.5,2750.0,708.9,2801.2,cattle,0.7691
IMG_00023.JPG,23,417.2,2466.5,518.6,2517.2,cattle,0.7957
IMG_00023.JPG,23,714.1,2950.1,815.5,3000.8,cattle,0.8647
IMG_00038.JPG,38,2679.8,501.3,2781.2,552.0,cattle,0.8764
IMG_00038.JPG,38,1865.6,486.2,1967.0,537.0,cattle,0.7785
IMG_00038.JPG,38,2446.1,36.5,2547.5,87.2,cattle,0.9073
IMG_00038.JPG,38,3375.5,4.6,3477.0,55.3,cattle,0.9781
IMG_00038.JPG,38,1573.5,6.5,1675.0,57.2,cattle,0.7736
IMG_00038.JPG,38,3126.9,120.2,3228.3,170.9,cattle,0.9020
IMG_00039.JPG,39,2882.6,38.3,2984.9,89.5,cattle,0.6980
IMG_00039.JPG,39,2684.6,1394.4,2786.9,1445.6,cattle,0.9320
IMG_00039.JPG,39,3473.1,798.5,3575.4,849.7,cattle,0.8615
IMG_00039.JPG,39,1592.0,66.5,1694.3,117.6,cattle,0.7860
IMG_00039.JPG,39,2581.3,496.9,2683.6,548.0,cattle,0.8325
IMG_00039.JPG,39,893.9,377.5,996.2,428.6,cattle,0.8250
IMG_00039.JPG,39,2097.3,225.6,2199.6,276.8,cattle,0.9178
IMG_00039.JPG,39,2535.1,351.8,2637.4,402.9,cattle,0.8855
IMG_00039.JPG,39,2316.1,594.1,2418.4,645.3,cattle,0.9340
IMG_00039.JPG,39,1381.4,297.4,1483.7,348.5,cattle,0.9102
IMG_00039.JPG,39,2576.9,70.4,2679.2,121.5,cattle,0.9599
IMG_00039.JPG,39,2908.6,597.0,3010.8,648.1,cattle,0.9383
IMG_00039.JPG,39,1871.0,1381.4,1973.3,1432.6,cattle,0.9561
IMG_00039.JPG,39,2457.8,929.4,2560.1,980.5,cattle,0.8713
IMG_00039.JPG,39,3005.2,173.8,3107.5,224.9,cattle,0.9662
IMG_00039.JPG,39,3013.0,696.2,3115.3,747.4,cattle,0.9138
IMG_00039.JPG,39,1531.8,244.9,1634.1,296.1,cattle,0.6962
IMG_00039.JPG,39,2130.6,451.2,2232.9,502.4,cattle,0.9000
IMG_00039.JPG,39,2752.9,126.1,2855.2,177.3,cattle,0.7917
IMG_00039.JPG,39,3382.1,903.0,3484.4,954.2,cattle,0.8912
IMG_00039.JPG,39,1580.7,904.5,1683.0,955.6,cattle,0.7456
IMG_00039.JPG,39,3910.3,667.5,4012.6,718.7,cattle,0.9247
IMG_00039.JPG,39,1693.6,214.5,1795.9,265.6,cattle,0.6626
IMG_00039.JPG,39,3133.7,1025.1,3236.0,1076.3,cattle,0.9205
IMG_00040.JPG,40,2894.8,907.7,2996.2,958.4,cattle,0.7726
IMG_00040.JPG,40,2564.3,416.1,2665.7,466.9,cattle,0.9044
IMG_00040.JPG,40,2680.7,2264.9,2782.2,2315.6,cattle,0.8754
IMG_00040.JPG,40,3468.8,1661.7,3570.3,1712.4,cattle,0.8729
IMG_00040.JPG,40,1592.7,923.3,1694.2,974.0,cattle,0.9336
IMG_00040.JPG,40,1936.2,454.9,2037.7,505.6,cattle,0.9105
IMG_00040.JPG,40,893.9,1237.9,995.3,1288.6,cattle,0.8951
IMG_00040.JPG,40,2769.3,583.5,2870.8,634.2,cattle,0.9145
IMG_00040.JPG,40,2428.6,406.9,2530.0,457.6,cattle,0.7704
IMG_00040.JPG,40,2099.1,1085.5,2200.5,1136.3,cattle,0.8269
IMG_00040.JPG,40,2540.7,1217.1,2642.2,1267.9,cattle,0.8333
IMG_00040.JPG,40,1777.6,70.9,1879.1,121.6,cattle,0.7549
IMG_00040.JPG,40,2319.5,1455.0,2421.0,1505.7,cattle,0.7209
IMG_00040.JPG,40,1383.6,1160.1,1485.0,1210.8,cattle,0.8854
IMG_00040.JPG,40,2571.8,934.5,2673.3,985.2,cattle,0.8499
IMG_00040.JPG,40,2913.9,1460.7,3015.3,1511.5,cattle,0.9213
IMG_00040.JPG,40,1552.5,264.4,1654.0,315.1,cattle,0.9062
IMG_00040.JPG,40,1869.4,2249.9,1970.8,2300.6,cattle,0.7226
IMG_00040.JPG,40,2454.1,1798.0,2555.5,1848.7,cattle,0.9494
IMG_00040.JPG,40,3015.3,1041.4,3116.8,1092.1,cattle,0.8916
IMG_00040.JPG,40,3019.4,1557.8,3120.8,1608.5,cattle,0.9232
IMG_00040.JPG,40,1533.2,1102.4,1634.7,1153.1,cattle,0.9521
IMG_00040.JPG,40,2127.6,1314.3,2229.1,1365.1,cattle,0.7963
IMG_00040.JPG,40,2688.1,808.1,2789.6,858.8,cattle,0.8480
IMG_00040.JPG,40,2757.5,990.4,2858.9,1041.1,cattle,0.9389
IMG_00040.JPG,40,3387.9,1775.4,3489.3,1826.2,cattle,0.8524
IMG_00040.JPG,40,1637.2,57.9,1738.7,108.6,cattle,0.8241
IMG_00040.JPG,40,3485.8,83.0,3587.3,133.7,cattle,0.8278
IMG_00040.JPG,40,1391.5,320.8,1493.0,371.5,cattle,0.8604
IMG_00040.JPG,40,1583.5,1761.2,1685.0,1811.9,cattle,0.9810
IMG_00040.JPG,40,3912.5,1533.6,4014.0,1584.3,cattle,0.9318
IMG_00040.JPG,40,1940.8,661.9,2042.3,712.6,cattle,0.8227
IMG_00040.JPG,40,1690.0,1066.3,1791.4,1117.1,cattle,0.9510
IMG_00040.JPG,40,3135.5,1892.7,3237.0,1943.4,cattle,0.9140
IMG_00040.JPG,40,2546.3,63.2,2647.8,113.9,cattle,0.8456
IMG_00040.JPG,40,1652.7,671.9,1754.2,722.7,cattle,0.9897
IMG_00041.JPG,41,2885.9,1807.7,2987.0,1858.3,cattle,0.7426
IMG_00041.JPG,41,2572.0,1321.3,2673.2,1371.9,cattle,0.9497
IMG_00041.JPG,41,1590.8,1839.6,1692.0,1890.2,cattle,0.8031
IMG_00041.JPG,41,1931.8,1361.1,2033.0,1411.6,cattle,0.7500
IMG_00041.JPG,41,2577.9,2266.5,2679.0,2317.0,cattle,0.8135
IMG_00041.JPG,41,898.2,2149.5,999.3,2200.0,cattle,0.7567
IMG_00041.JPG,41,2761.2,1486.0,2862.4,1536.6,cattle,0.9289
IMG_00041.JPG,41,2423.6,1308.1,2524.7,1358.7,cattle,0.8422
IMG_00041.JPG,41,2099.5,1995.1,2200.7,2045.7,cattle,0.8374
IMG_00041.JPG,41,2534.4,2130.2,2635.5,2180.8,cattle,0.6609
IMG_00041.JPG,41,1777.5,983.4,1878.6,1033.9,cattle,0.9432
IMG_00041.JPG,41,2319.5,2355.8,2420.6,2406.3,cattle,0.8845
IMG_00041.JPG,41,1380.0,2065.7,1481.1,2116.3,sheep,0.3695
IMG_00041.JPG,41,2576.3,1836.6,2677.5,1887.1,cattle,0.7989
IMG_00041.JPG,41,2910.2,2368.1,3011.3,2418.7,cattle,0.8715
IMG_00041.JPG,41,1559.6,1176.7,1660.8,1227.3,cattle,0.9182
IMG_00041.JPG,41,2447.7,2702.7,2548.8,2753.3,cattle,0.8665
IMG_00041.JPG,41,3017.1,1946.8,3118.2,1997.4,cattle,0.9542
IMG_00041.JPG,41,3015.9,2468.0,3117.0,2518.6,cattle,0.6993
IMG_00041.JPG,41,1531.3,2011.5,1632.4,2062.1,cattle,0.8745
IMG_00041.JPG,41,2127.6,2218.8,2228.7,2269.4,cattle,0.9214
IMG_00041.JPG,41,2681.4,1723.8,2782.6,1774.4,cattle,0.9132
IMG_00041.JPG,41,2751.2,1899.9,2852.3,1950.4,cattle,0.7376
IMG_00041.JPG,41,2986.7,215.5,3087.8,266.1,cattle,0.7477
IMG_00041.JPG,41,1634.2,967.3,1735.3,1017.9,cattle,0.9153
IMG_00041.JPG,41,3479.5,993.9,3580.6,1044.5,cattle,0.9005
IMG_00041.JPG,41,1389.5,1234.0,1490.6,1284.6,cattle,0.8090
IMG_00041.JPG,41,1583.5,2664.5,1684.7,2715.1,cattle,0.6839
IMG_00041.JPG,41,3907.8,2432.9,4009.0,2483.4,cattle,0.9560
IMG_00041.JPG,41,1944.5,1576.3,2045.6,1626.9,cattle,0.9285
IMG_00041.JPG,41,1687.1,1982.0,1788.2,2032.5,cattle,0.7637
IMG_00041.JPG,41,3130.2,2796.6,3231.3,2847.2,cattle,0.9932
IMG_00041.JPG,41,2542.0,974.6,2643.2,1025.2,cattle,0.9441
IMG_00041.JPG,41,1647.2,1576.8,1748.4,1627.3,cattle,0.8990
IMG_00042.JPG,42,2885.8,2694.9,2988.3,2746.2,cattle,0.9199
IMG_00042.JPG,42,2565.9,2208.7,2668.5,2259.9,cattle,0.7907
IMG_00042.JPG,42,1590.1,2713.4,1692.6,2764.7,cattle,0.9592
IMG_00042.JPG,42,1928.2,2240.8,2030.7,2292.1,cattle,0.7702
IMG_00042.JPG,42,2761.4,2372.9,2863.9,2424.2,cattle,0.9340
IMG_00042.JPG,42,2420.7,2196.2,2523.2,2247.5,cattle,0.9297
IMG_00042.JPG,42,1778.3,1865.2,1880.8,1916.5,cattle,0.6111
IMG_00042.JPG,42,1376.8,2944.2,1479.4,2995.5,cattle,0.9554
IMG_00042.JPG,42,2571.0,2719.2,2673.5,2770.5,cattle,0.6906
IMG_00042.JPG,42,1551.5,2068.8,1654.0,2120.0,cattle,0.8049
IMG_00042.JPG,42,3004.7,2831.3,3107.2,2882.6,cattle,0.9415
IMG_00042.JPG,42,1532.6,2889.5,1635.1,2940.7,cattle,0.7970
IMG_00042.JPG,42,2674.9,2603.0,2777.4,2654.3,cattle,0.7910
IMG_00042.JPG,42,2734.4,2782.4,2836.9,2833.6,cattle,0.4994
IMG_00042.JPG,42,2979.2,1109.9,3081.7,1161.1,cattle,0.7823
IMG_00042.JPG,42,1634.2,1852.6,1736.7,1903.9,cattle,0.8548
IMG_00042.JPG,42,3475.0,1886.6,3577.6,1937.8,cattle,0.8486
IMG_00042.JPG,42,1382.2,2122.2,1484.7,2173.4,cattle,0.9389
IMG_00042.JPG,42,1940.0,2453.8,2042.5,2505.0,cattle,0.9267
IMG_00042.JPG,42,1681.7,2861.0,1784.3,2912.3,cattle,0.8916
IMG_00042.JPG,42,2542.0,1863.1,2644.5,1914.4,cattle,0.9586
IMG_00042.JPG,42,1646.4,2463.2,1748.9,2514.5,cattle,0.9313
IMG_00043.JPG,43,1774.5,2836.1,1876.7,2887.2,cattle,0.9208
IMG_00043.JPG,43,2977.6,2071.0,3079.7,2122.1,cattle,0.8668
IMG_00043.JPG,43,1630.9,2834.4,1733.0,2885.4,cattle,0.9728
IMG_00043.JPG,43,3486.4,2855.3,3588.6,2906.4,cattle,0.9104
IMG_00043.JPG,43,2539.5,2834.0,2641.7,2885.1,cattle,0.9678
IMG_00044.JPG,44,2980.8,2910.1,3082.8,2961.1,cattle,0.9572
IMG_00047.JPG,47,2516.4,12.2,2618.5,63.2,cattle,0.9024
IMG_00048.JPG,48,3723.3,146.6,3825.2,197.6,cattle,0.9424
IMG_00048.JPG,48,2522.8,910.5,2624.7,961.5,cattle,0.8441
IMG_00048.JPG,48,3858.3,161.9,3960.2,212.9,cattle,0.6373
IMG_00048.JPG,48,2023.0,133.9,2125.0,184.8,cattle,0.7246
IMG_00048.JPG,48,2959.1,154.2,3061.1,205.1,cattle,0.8697
IMG_00049.JPG,49,2932.7,728.4,3034.1,779.1,cattle,0.7686
IMG_00049.JPG,49,3900.3,213.3,4001.7,263.9,cattle,0.6692
IMG_00049.JPG,49,3565.5,679.2,3666.8,729.9,cattle,0.7498
IMG_00049.JPG,49,2737.8,564.8,2839.2,615.5,cattle,0.9502
IMG_00049.JPG,49,3080.4,731.5,3181.7,782.2,cattle,0.8737
IMG_00049.JPG,49,3401.2,53.8,3502.5,104.5,cattle,0.9021
IMG_00049.JPG,49,3717.3,1061.1,3818.7,1111.8,cattle,0.8475
IMG_00049.JPG,49,2924.9,207.9,3026.3,258.5,cattle,0.8544
IMG_00049.JPG,49,2484.1,99.3,2585.5,150.0,cattle,0.9233
IMG_00049.JPG,49,2814.5,327.6,2915.8,378.2,cattle,0.9125
IMG_00049.JPG,49,2748.1,146.9,2849.4,197.6,cattle,0.9525
IMG_00049.JPG,49,2520.5,1827.4,2621.9,1878.1,cattle,0.7257
IMG_00049.JPG,49,1032.0,331.6,1133.4,382.3,cattle,0.9234
IMG_00049.JPG,49,3865.4,1074.7,3966.8,1125.3,cattle,0.9701
IMG_00049.JPG,49,2023.9,1054.3,2125.2,1105.0,cattle,0.6881
IMG_00049.JPG,49,3557.0,475.8,3658.4,526.5,cattle,0.9204
IMG_00049.JPG,49,3807.0,69.2,3908.4,119.8,cattle,0.9808
IMG_00049.JPG,49,2954.1,1073.2,3055.5,1123.9,cattle,0.8720
IMG_00049.JPG,49,3848.0,470.9,3949.4,521.6,cattle,0.8855
IMG_00050.JPG,50,2611.7,1128.6,2713.6,1179.6,cattle,0.6428
IMG_00050.JPG,50,2931.0,1624.6,3033.0,1675.6,cattle,0.9937
IMG_00050.JPG,50,2024.0,368.7,2125.9,419.6,cattle,0.7002
IMG_00050.JPG,50,3909.3,1114.0,4011.3,1165.0,cattle,0.9821
IMG_00050.JPG,50,3568.2,1585.4,3670.1,1636.4,cattle,0.8758
IMG_00050.JPG,50,2923.0,678.9,3024.9,729.8,cattle,0.9204
IMG_00050.JPG,50,2731.2,1456.2,2833.1,1507.2,cattle,0.8589
IMG_00050.JPG,50,3074.7,1636.3,3176.7,1687.3,cattle,0.8536
IMG_00050.JPG,50,3401.5,955.8,3503.4,1006.8,cattle,0.7879
IMG_00050.JPG,50,2966.6,826.0,3068.5,876.9,sheep,0.5993
IMG_00050.JPG,50,3717.2,1970.4,3819.1,2021.3,cattle,0.8524
IMG_00050.JPG,50,3186.0,577.8,3287.9,628.7,cattle,0.9406
IMG_00050.JPG,50,2925.0,1111.4,3026.9,1162.4,cattle,0.7364
IMG_00050.JPG,50,2594.4,577.1,2696.3,628.1,cattle,0.7427
IMG_00050.JPG,50,3055.2,238.4,3157.1,289.3,cattle,0.8902
IMG_00050.JPG,50,2488.5,991.1,2590.4,1042.0,cattle,0.8911
IMG_00050.JPG,50,2484.1,468.9,2586.0,519.9,cattle,0.6694
IMG_00050.JPG,50,3371.6,721.0,3473.5,771.9,cattle,0.8927
IMG_00050.JPG,50,2819.9,1222.2,2921.8,1273.2,cattle,0.6318
IMG_00050.JPG,50,2747.8,1048.3,2849.7,1099.2,cattle,0.8647
IMG_00050.JPG,50,2509.6,2724.0,2611.5,2774.9,cattle,0.9326
IMG_00050.JPG,50,2110.8,257.4,2212.7,308.4,cattle,0.7651
IMG_00050.JPG,50,1025.4,1215.9,1127.4,1266.8,cattle,0.9367
IMG_00050.JPG,50,3859.1,1979.1,3961.1,2030.1,sheep,0.5796
IMG_00050.JPG,50,2016.5,1945.6,2118.5,1996.6,cattle,0.6647
IMG_00050.JPG,50,3920.0,276.1,4022.0,327.1,cattle,0.9285
IMG_00050.JPG,50,1589.3,495.2,1691.2,546.1,cattle,0.7068
IMG_00050.JPG,50,3558.3,1369.5,3660.2,1420.5,cattle,0.7391
IMG_00050.JPG,50,3814.7,969.2,3916.6,1020.1,cattle,0.7441
IMG_00050.JPG,50,2368.1,137.6,2470.0,188.5,cattle,0.9584
IMG_00050.JPG,50,2950.1,1971.9,3052.0,2022.8,cattle,0.9302
IMG_00050.JPG,50,3847.1,1370.4,3949.0,1421.4,cattle,0.8740
IMG_00050.JPG,50,1358.0,766.5,1459.9,817.5,cattle,0.9468
IMG_00051.JPG,51,2612.8,2062.2,2715.0,2113.3,cattle,0.8329
IMG_00051.JPG,51,2931.7,2552.2,3033.8,2603.3,cattle,0.9624
IMG_00051.JPG,51,2807.8,700.2,2910.0,751.3,cattle,0.9627
IMG_00051.JPG,51,2020.5,1298.3,2122.7,1349.4,cattle,0.7683
IMG_00051.JPG,51,3907.2,2038.1,4009.4,2089.1,cattle,0.7624
IMG_00051.JPG,51,3567.0,2510.6,3669.1,2561.7,cattle,0.8830
IMG_00051.JPG,51,2915.5,1598.1,3017.7,1649.2,cattle,0.9668
IMG_00051.JPG,51,2733.0,2380.4,2835.2,2431.4,cattle,0.9468
IMG_00051.JPG,51,3078.6,2562.5,3180.8,2613.6,cattle,0.8268
IMG_00051.JPG,51,3401.5,1876.6,3503.7,1927.7,cattle,0.9121
IMG_00051.JPG,51,2962.1,1741.0,3064.3,1792.1,cattle,0.8331
IMG_00051.JPG,51,3723.7,2897.9,3825.9,2949.0,cattle,0.8633
IMG_00051.JPG,51,3181.7,1497.8,3283.9,1548.9,cattle,0.9532
IMG_00051.JPG,51,2931.4,2031.2,3033.6,2082.2,cattle,0.8437
IMG_00051.JPG,51,2587.1,1499.9,2689.3,1551.0,cattle,0.9369
IMG_00051.JPG,51,3624.6,704.5,3726.8,755.6,cattle,0.6730
IMG_00051.JPG,51,3043.6,1161.9,3145.8,1213.0,cattle,0.9367
IMG_00051.JPG,51,2483.4,1918.5,2585.6,1969.6,cattle,0.7811
IMG_00051.JPG,51,2478.3,1398.8,2580.5,1449.9,cattle,0.9116
IMG_00051.JPG,51,3367.2,1644.8,3469.4,1695.9,cattle,0.7186
IMG_00051.JPG,51,2814.0,2151.5,2916.2,2202.6,cattle,0.7830
IMG_00051.JPG,51,2747.6,1967.5,2849.8,2018.6,cattle,0.9241
IMG_00051.JPG,51,2103.6,1181.5,2205.8,1232.6,cattle,0.8549
IMG_00051.JPG,51,1017.2,2148.2,1119.4,2199.3,cattle,0.8351
IMG_00051.JPG,51,3874.2,2901.2,3976.4,2952.3,cattle,0.8285
IMG_00051.JPG,51,2023.4,2878.5,2125.5,2929.6,cattle,0.8574
IMG_00051.JPG,51,3916.1,1196.7,4018.3,1247.8,cattle,0.8083
IMG_00051.JPG,51,1580.1,1425.6,1682.3,1476.7,cattle,0.9652
IMG_00051.JPG,51,3553.1,2296.1,3655.3,2347.2,cattle,0.9585
IMG_00051.JPG,51,3810.2,1886.8,3912.4,1937.9,cattle,0.8971
IMG_00051.JPG,51,2359.4,1063.3,2461.6,1114.4,cattle,0.9174
IMG_00051.JPG,51,2961.2,2890.0,3063.3,2941.1,cattle,0.8981
IMG_00051.JPG,51,3846.7,2290.3,3948.9,2341.4,cattle,0.8545
IMG_00051.JPG,51,1352.7,1697.2,1454.9,1748.3,cattle,0.9519
IMG_00052.JPG,52,2610.1,2938.0,2712.4,2989.1,cattle,0.7084
IMG_00052.JPG,52,2810.5,1574.7,2912.8,1625.8,cattle,0.8521
IMG_00052.JPG,52,2023.1,2171.6,2125.4,2222.7,cattle,0.9614
IMG_00052.JPG,52,3905.9,2902.5,4008.2,2953.6,cattle,0.7654
IMG_00052.JPG,52,2926.2,2476.9,3028.4,2528.0,cattle,0.9975
IMG_00052.JPG,52,3400.4,2750.3,3502.7,2801.5,cattle,0.8473
IMG_00052.JPG,52,2960.9,2617.4,3063.2,2668.5,cattle,0.7886
IMG_00052.JPG,52,3182.4,2376.4,3284.7,2427.6,cattle,0.6508
IMG_00052.JPG,52,2927.1,2903.4,3029.4,2954.6,cattle,0.6257
IMG_00052.JPG,52,2585.9,2376.2,2688.2,2427.4,cattle,0.8929
IMG_00052.JPG,52,3624.0,1589.2,3726.3,1640.4,cattle,0.7502
IMG_00052.JPG,52,3045.7,2034.6,3148.0,2085.8,cattle,0.7744
IMG_00052.JPG,52,2485.1,2794.5,2587.4,2845.6,cattle,0.8669
IMG_00052.JPG,52,2483.2,2274.9,2585.5,2326.0,cattle,0.8550
IMG_00052.JPG,52,3369.2,2519.2,3471.5,2570.3,cattle,0.7188
IMG_00052.JPG,52,2747.2,2841.5,2849.5,2892.6,cattle,0.8476
IMG_00052.JPG,52,2106.3,2054.6,2208.6,2105.7,cattle,0.7791
IMG_00052.JPG,52,3920.0,2067.9,4022.3,2119.0,cattle,0.7966
IMG_00052.JPG,52,1583.7,2304.1,1686.0,2355.2,cattle,0.7177
IMG_00052.JPG,52,3819.8,2755.5,3922.1,2806.6,sheep,0.3904
IMG_00052.JPG,52,2367.4,1945.2,2469.7,1996.4,cattle,0.7222
IMG_00052.JPG,52,1354.9,2574.5,1457.2,2625.7,cattle,0.9857
IMG_00053.JPG,53,2806.8,2451.5,2909.0,2502.6,cattle,0.9668
IMG_00053.JPG,53,3609.9,2465.7,3712.0,2516.8,cattle,0.8571
IMG_00053.JPG,53,3039.2,2915.0,3141.4,2966.1,cattle,0.8881
IMG_00053.JPG,53,2103.1,2930.6,2205.2,2981.7,cattle,0.8123
IMG_00053.JPG,53,3908.8,2947.8,4010.9,2998.9,cattle,0.6875
IMG_00053.JPG,53,2358.8,2818.6,2461.0,2869.7,cattle,0.8682
IMG_00054.JPG,54,122.6,220.2,225.4,271.7,cattle,0.9013
IMG_00055.JPG,55,115.9,1147.4,218.6,1198.7,cattle,0.8622
IMG_00056.JPG,56,120.0,2032.9,221.8,2083.9,cattle,0.8613
IMG_00057.JPG,57,120.1,2919.2,222.2,2970.3,cattle,0.7330
IMG_00064.JPG,64,2179.1,-5.1,2280.8,45.7,cattle,0.8774
IMG_00064.JPG,64,3793.3,66.8,3895.0,117.7,cattle,0.9092
IMG_00064.JPG,64,3739.1,357.6,3840.8,408.5,cattle,0.9006
IMG_00065.JPG,65,3758.0,87.7,3861.0,139.2,cattle,0.9005
IMG_00065.JPG,65,2183.5,939.9,2286.4,991.4,cattle,0.7294
IMG_00065.JPG,65,2622.7,873.4,2725.7,924.9,cattle,0.9285
IMG_00065.JPG,65,3520.2,354.8,3623.1,406.3,cattle,0.9764
IMG_00065.JPG,65,3332.9,191.4,3435.9,242.9,goat,0.5817
IMG_00065.JPG,65,3791.1,1022.4,3894.1,1073.9,cattle,0.8340
IMG_00065.JPG,65,3635.2,21.9,3738.2,73.3,cattle,0.9428
IMG_00065.JPG,65,3149.8,453.0,3252.8,504.5,cattle,0.6922
IMG_00065.JPG,65,3562.3,912.9,3665.3,964.4,cattle,0.9284
IMG_00065.JPG,65,3859.4,875.6,3962.3,927.1,cattle,0.9393
IMG_00065.JPG,65,3736.1,1302.6,3839.0,1354.0,cattle,0.8998
IMG_00066.JPG,66,3761.9,920.1,3863.3,970.8,cattle,0.9585
IMG_00066.JPG,66,2182.6,1779.9,2284.0,1830.6,cattle,0.7827
IMG_00066.JPG,66,2620.7,1712.4,2722.1,1763.1,cattle,0.7137
IMG_00066.JPG,66,3525.9,1194.0,3627.3,1244.7,cattle,0.8661
IMG_00066.JPG,66,3330.8,1027.1,3432.2,1077.8,cattle,0.9126
IMG_00066.JPG,66,3130.3,533.8,3231.7,584.5,cattle,0.9346
IMG_00066.JPG,66,3500.2,388.6,3601.6,439.3,cattle,0.9624
IMG_00066.JPG,66,2769.8,18.1,2871.2,68.8,cattle,0.8644
IMG_00066.JPG,66,3792.8,1856.4,3894.2,1907.1,cattle,0.7643
IMG_00066.JPG,66,3569.7,587.3,3671.1,638.0,cattle,0.8877
IMG_00066.JPG,66,3648.7,848.6,3750.1,899.3,cattle,0.8180
IMG_00066.JPG,66,3146.7,1297.8,3248.1,1348.5,cattle,0.9645
IMG_00066.JPG,66,3559.0,1750.4,3660.5,1801.1,cattle,0.9248
IMG_00066.JPG,66,3857.0,1707.5,3958.4,1758.2,cattle,0.9129
IMG_00066.JPG,66,3734.6,2145.8,3836.0,2196.5,cattle,0.6882
IMG_00067.JPG,67,3763.5,1845.9,3864.7,1896.5,cattle,0.8516
IMG_00067.JPG,67,2183.4,2699.5,2284.6,2750.1,cattle,0.7383
IMG_00067.JPG,67,2623.5,2634.2,2724.7,2684.8,cattle,0.9636
IMG_00067.JPG,67,3532.6,2113.1,3633.8,2163.7,cattle,0.9806
IMG_00067.JPG,67,3340.4,1951.0,3441.6,2001.7,horse,0.3791
IMG_00067.JPG,67,3134.2,1463.2,3235.4,1513.8,cattle,0.9500
IMG_00067.JPG,67,3495.9,1305.9,3597.1,1356.5,cattle,0.8274
IMG_00067.JPG,67,2764.2,947.9,2865.5,998.5,cattle,0.7143
IMG_00067.JPG,67,3796.9,2782.6,3898.2,2833.3,cattle,0.9504
IMG_00067.JPG,67,3570.1,1521.2,3671.4,1571.8,cattle,0.7929
IMG_00067.JPG,67,3638.6,1766.9,3739.9,1817.6,cattle,0.7932
IMG_00067.JPG,67,3149.3,2219.9,3250.6,2270.5,cattle,0.8905
IMG_00067.JPG,67,3561.5,2670.9,3662.8,2721.5,cattle,0.8453
IMG_00067.JPG,67,3341.5,139.0,3442.8,189.7,cattle,0.7100
IMG_00067.JPG,67,3858.0,2628.0,3959.2,2678.6,cattle,0.8628
IMG_00068.JPG,68,3752.8,2753.1,3854.9,2804.1,cattle,0.9193
IMG_00068.JPG,68,3328.8,2856.4,3430.8,2907.4,cattle,0.9181
IMG_00068.JPG,68,3121.8,2366.1,3223.8,2417.1,cattle,0.9782
IMG_00068.JPG,68,3492.5,2222.0,3594.5,2273.0,cattle,0.9144
IMG_00068.JPG,68,2767.2,1851.1,2869.2,1902.1,goat,0.5019
IMG_00068.JPG,68,3557.8,2426.4,3659.8,2477.4,cattle,0.6638
IMG_00068.JPG,68,3632.0,2680.7,3734.0,2731.7,cattle,0.9313
IMG_00068.JPG,68,3343.3,1044.8,3445.3,1095.8,cattle,0.9197
IMG_00069.JPG,69,276.8,790.6,377.8,841.1,cattle,0.8897
IMG_00069.JPG,69,2766.8,2747.6,2867.8,2798.1,horse,0.3702
IMG_00069.JPG,69,187.8,905.0,288.8,955.5,cattle,0.8497
IMG_00069.JPG,69,3343.2,1943.3,3444.2,1993.8,cattle,0.7263
IMG_00069.JPG,69,710.4,654.2,811.4,704.7,cattle,0.6880
IMG_00069.JPG,69,943.6,380.1,1044.6,430.6,cattle,0.9366
IMG_00070.JPG,70,270.6,1698.7,372.6,1749.7,cattle,0.8582
IMG_00070.JPG,70,187.2,1813.0,289.2,1863.9,cattle,0.9207
IMG_00070.JPG,70,1266.4,843.9,1368.4,894.9,cattle,0.7226
IMG_00070.JPG,70,282.2,128.3,384.1,179.2,cattle,0.9262
IMG_00070.JPG,70,3347.8,2858.5,3449.8,2909.5,cattle,0.5941
IMG_00070.JPG,70,717.6,1556.8,819.5,1607.8,cattle,0.9060
IMG_00070.JPG,70,942.2,1293.2,1044.2,1344.1,cattle,0.9077
IMG_00071.JPG,71,266.1,2592.0,367.8,2642.8,horse,0.3768
IMG_00071.JPG,71,189.3,2704.6,290.9,2755.4,cattle,0.9310
IMG_00071.JPG,71,1272.7,1738.3,1374.3,1789.1,cattle,0.9468
IMG_00071.JPG,71,278.4,1014.8,380.1,1065.6,cattle,0.9590
IMG_00071.JPG,71,709.7,2459.9,811.4,2510.7,cattle,0.9006
IMG_00071.JPG,71,942.3,2181.4,1044.0,2232.3,cattle,0.9615
IMG_00072.JPG,72,1273.3,2620.6,1375.0,2671.4,cattle,0.8412
IMG_00072.JPG,72,279.1,1902.0,380.8,1952.9,cattle,0.8623
IMG_00073.JPG,73,281.5,2807.4,383.5,2858.4,cattle,0.8059
IMG_00079.JPG,79,596.1,74.5,697.7,125.3,cattle,0.8255
IMG_00080.JPG,80,606.2,975.7,707.8,1026.5,cattle,0.8667
IMG_00081.JPG,81,604.9,1921.9,707.5,1973.2,cattle,0.8130
IMG_00081.JPG,81,2147.8,131.3,2250.4,182.5,cattle,0.8291
IMG_00082.JPG,82,184.7,78.5,286.4,129.3,cattle,0.7630
IMG_00082.JPG,82,606.7,2792.0,708.4,2842.8,cattle,0.9213
IMG_00082.JPG,82,2737.0,188.5,2838.6,239.3,cattle,0.9853
IMG_00082.JPG,82,319.4,152.7,421.0,203.6,cattle,0.9656
IMG_00082.JPG,82,2158.7,1001.1,2260.4,1051.9,cattle,0.8892
IMG_00083.JPG,83,1749.3,188.5,1851.2,239.4,cattle,0.9503
IMG_00083.JPG,83,1480.7,75.1,1582.6,126.0,cattle,0.9626
IMG_00083.JPG,83,2167.2,81.5,2269.1,132.5,cattle,0.8565
IMG_00083.JPG,83,185.2,972.8,287.1,1023.7,cattle,0.9800
IMG_00083.JPG,83,1207.3,756.3,1309.1,807.2,cattle,0.9027
IMG_00083.JPG,83,2375.6,577.1,2477.5,628.1,cattle,0.9121
IMG_00083.JPG,83,1340.8,218.5,1442.6,269.4,cattle,0.9755
IMG_00083.JPG,83,2010.8,723.6,2112.6,774.5,cattle,0.9658
IMG_00083.JPG,83,586.4,83.8,688.3,134.7,cattle,0.8086
IMG_00083.JPG,83,2732.4,1089.9,2834.2,1140.8,cattle,0.8521
IMG_00083.JPG,83,1941.4,514.7,2043.2,565.6,cattle,0.8020
IMG_00083.JPG,83,1872.5,262.4,1974.4,313.3,cattle,0.8075
IMG_00083.JPG,83,320.4,1036.5,422.2,1087.4,cattle,0.8333
IMG_00083.JPG,83,510.2,362.7,612.1,413.7,cattle,0.9457
IMG_00083.JPG,83,1079.3,103.1,1181.2,154.1,cattle,0.8062
IMG_00083.JPG,83,2156.6,1893.6,2258.5,1944.5,cattle,0.8548
IMG_00084.JPG,84,1735.9,1086.2,1838.7,1137.5,cattle,0.8784
IMG_00084.JPG,84,1090.0,522.4,1192.8,573.8,cattle,0.8766
IMG_00084.JPG,84,3314.1,227.3,3416.9,278.7,cattle,0.7418
IMG_00084.JPG,84,2879.5,288.6,2982.3,340.0,cattle,0.6409
IMG_00084.JPG,84,1492.8,370.4,1595.6,421.8,cattle,0.7873
IMG_00084.JPG,84,1474.4,973.0,1577.2,1024.3,cattle,0.9519
IMG_00084.JPG,84,682.5,654.2,785.3,705.6,cattle,0.9619
IMG_00084.JPG,84,666.6,396.1,769.4,447.5,cattle,0.9366
IMG_00084.JPG,84,1975.0,817.6,2077.8,869.0,cattle,0.8047
IMG_00084.JPG,84,2165.4,977.6,2268.2,1029.0,cattle,0.7495
IMG_00084.JPG,84,176.3,1878.2,279.1,1929.6,cattle,0.9858
IMG_00084.JPG,84,9.1,359.7,111.9,411.1,cattle,0.8781
IMG_00084.JPG,84,1202.2,1654.7,1305.0,1706.1,cattle,0.8278
IMG_00084.JPG,84,2376.0,1473.3,2478.8,1524.7,cattle,0.9070
IMG_00084.JPG,84,1336.8,1134.9,1439.6,1186.3,cattle,0.9544
IMG_00084.JPG,84,2007.2,1626.4,2110.0,1677.8,horse,0.5077
IMG_00084.JPG,84,1183.8,632.3,1286.6,683.7,cattle,0.9303
IMG_00084.JPG,84,570.9,996.1,673.7,1047.5,cattle,0.8852
IMG_00084.JPG,84,2739.9,1988.6,2842.7,2040.0,cattle,0.9008
IMG_00084.JPG,84,1390.2,722.9,1493.0,774.3,cattle,0.7979
IMG_00084.JPG,84,1701.6,149.1,1804.4,200.5,cattle,0.8916
IMG_00084.JPG,84,1933.0,1412.9,2035.8,1464.3,cattle,0.8709
IMG_00084.JPG,84,1862.1,1165.3,1964.9,1216.7,cattle,0.8948
IMG_00084.JPG,84,1438.5,506.5,1541.3,557.9,cattle,0.6971
IMG_00084.JPG,84,318.1,1944.5,420.9,1995.9,cattle,0.8235
IMG_00084.JPG,84,2342.9,718.0,2445.6,769.4,cattle,0.9885
IMG_00084.JPG,84,1934.0,258.9,2036.8,310.3,cattle,0.7552
IMG_00084.JPG,84,500.6,1263.4,603.4,1314.8,cattle,0.9517
IMG_00084.JPG,84,1075.8,1006.6,1178.6,1058.0,cattle,0.6317
IMG_00084.JPG,84,2151.2,2792.7,2254.0,2844.1,cattle,0.9228
IMG_00084.JPG,84,1638.1,290.2,1740.9,341.6,cattle,0.8620
IMG_00085.JPG,85,1743.4,1989.2,1845.0,2040.0,cattle,0.9537
IMG_00085.JPG,85,1095.9,1429.7,1197.5,1480.5,cattle,0.9778
IMG_00085.JPG,85,3319.2,1126.9,3420.8,1177.7,cattle,0.6712
IMG_00085.JPG,85,1169.3,563.3,1270.9,614.1,cattle,0.7743
IMG_00085.JPG,85,2879.6,1197.0,2981.2,1247.8,cattle,0.9148
IMG_00085.JPG,85,1495.9,1277.7,1597.5,1328.5,cattle,0.9350
IMG_00085.JPG,85,1478.4,1880.1,1580.0,1930.8,cattle,0.9263
IMG_00085.JPG,85,673.6,1564.4,775.2,1615.2,cattle,0.8423
IMG_00085.JPG,85,659.9,1301.7,761.5,1352.5,cattle,0.9499
IMG_00085.JPG,85,1969.5,1723.2,2071.1,1774.0,cattle,0.8699
IMG_00085.JPG,85,1016.0,872.7,1117.6,923.5,cattle,0.7789
IMG_00085.JPG,85,2160.0,1890.9,2261.6,1941.7,cattle,0.8227
IMG_00085.JPG,85,1148.2,53.2,1249.8,104.0,cattle,0.8749
IMG_00085.JPG,85,182.1,2791.2,283.6,2841.9,cattle,0.9315
IMG_00085.JPG,85,5.5,1274.4,107.1,1325.2,cattle,0.8630
IMG_00085.JPG,85,1203.1,2563.8,1304.7,2614.6,cattle,0.9633
IMG_00085.JPG,85,2368.9,2370.6,2470.5,2421.4,cattle,0.7972
IMG_00085.JPG,85,-22.9,626.5,78.7,677.3,cattle,0.8164
IMG_00085.JPG,85,883.0,758.9,984.6,809.7,cattle,0.9451
IMG_00085.JPG,85,2002.2,2524.1,2103.8,2574.9,cattle,0.9056
IMG_00085.JPG,85,1183.6,1537.0,1285.2,1587.8,cattle,0.8863
IMG_00085.JPG,85,581.9,1903.5,683.5,1954.3,cattle,0.8629
IMG_00085.JPG,85,2730.6,2893.1,2832.2,2943.9,cattle,0.8394
IMG_00085.JPG,85,1389.9,1629.3,1491.5,1680.1,cattle,0.9647
IMG_00085.JPG,85,1703.6,1062.5,1805.2,1113.3,cattle,0.7403
IMG_00085.JPG,85,1508.4,663.9,1610.0,714.7,cattle,0.8567
IMG_00085.JPG,85,1935.1,2324.3,2036.7,2375.1,cattle,0.8167
IMG_00085.JPG,85,1862.7,2068.2,1964.3,2119.0,cattle,0.5617
IMG_00085.JPG,85,1439.3,1418.2,1540.9,1469.0,cattle,0.9450
IMG_00085.JPG,85,327.5,2854.4,429.1,2905.2,cattle,0.7202
IMG_00085.JPG,85,2352.7,1616.6,2454.3,1667.4,cattle,0.9638
IMG_00085.JPG,85,1934.3,1163.3,2035.9,1214.1,cattle,0.9274
IMG_00085.JPG,85,506.6,2171.8,608.2,2222.6,cattle,0.8947
IMG_00085.JPG,85,1343.3,159.6,1444.9,210.4,cattle,0.9061
IMG_00085.JPG,85,1370.8,625.8,1472.4,676.6,cattle,0.8025
IMG_00085.JPG,85,1075.2,1901.3,1176.8,1952.1,cattle,0.7416
IMG_00085.JPG,85,1081.7,197.1,1183.3,247.9,cattle,0.9644
IMG_00085.JPG,85,1638.8,1200.7,1740.4,1251.5,cattle,0.8059
IMG_00085.JPG,85,1764.2,769.4,1865.8,820.2,cattle,0.9605
IMG_00086.JPG,86,1742.5,2879.2,1843.9,2929.9,cattle,0.8650
IMG_00086.JPG,86,1091.8,2326.5,1193.2,2377.2,cattle,0.8997
IMG_00086.JPG,86,3318.9,2029.1,3420.3,2079.8,cattle,0.8277
IMG_00086.JPG,86,1168.2,1462.9,1269.6,1513.6,cattle,0.9166
IMG_00086.JPG,86,2885.2,2093.1,2986.5,2143.8,cattle,0.8722
IMG_00086.JPG,86,1474.2,2777.8,1575.6,2828.5,cattle,0.6547
IMG_00086.JPG,86,676.1,2462.7,777.5,2513.4,cattle,0.8540
IMG_00086.JPG,86,670.8,2198.0,772.1,2248.7,cattle,0.5672
IMG_00086.JPG,86,1969.1,2621.2,2070.5,2671.9,cattle,0.8889
IMG_00086.JPG,86,1004.5,1772.7,1105.9,1823.4,cattle,0.8667
IMG_00086.JPG,86,2166.8,2780.4,2268.2,2831.1,cattle,0.9036
IMG_00086.JPG,86,1156.0,948.7,1257.4,999.4,cattle,0.8852
IMG_00086.JPG,86,7.5,2173.5,108.9,2224.2,cattle,0.6749
IMG_00086.JPG,86,1344.1,2931.5,1445.5,2982.2,cattle,0.8745
IMG_00086.JPG,86,-15.1,1531.9,86.3,1582.6,cattle,0.8820
IMG_00086.JPG,86,880.5,1658.2,981.8,1708.9,cattle,0.9322
IMG_00086.JPG,86,1183.0,2434.0,1284.4,2484.7,cattle,0.9382
IMG_00086.JPG,86,586.0,2798.5,687.3,2849.1,cattle,0.9542
IMG_00086.JPG,86,1390.0,2529.2,1491.4,2579.9,cattle,0.6617
IMG_00086.JPG,86,1707.2,1956.0,1808.6,2006.7,cattle,0.7578
IMG_00086.JPG,86,1509.9,1562.5,1611.3,1613.2,cattle,0.9135
IMG_00086.JPG,86,1438.5,2307.2,1539.9,2357.9,cattle,0.8516
IMG_00086.JPG,86,2350.4,2515.0,2451.8,2565.7,cattle,0.7514
IMG_00086.JPG,86,1933.5,2065.3,2034.9,2116.0,cattle,0.9299
IMG_00086.JPG,86,895.5,863.7,996.8,914.4,cattle,0.8988
IMG_00086.JPG,86,1343.3,1059.4,1444.6,1110.1,cattle,0.6595
IMG_00086.JPG,86,354.9,198.3,456.2,249.0,cattle,0.8397
IMG_00086.JPG,86,1079.2,2803.9,1180.6,2854.6,cattle,0.8841
IMG_00086.JPG,86,1082.9,1090.6,1184.3,1141.3,cattle,0.9051
IMG_00086.JPG,86,1641.6,2096.4,1743.0,2147.1,cattle,0.6894
IMG_00086.JPG,86,654.3,249.3,755.6,300.0,cattle,0.9242
IMG_00086.JPG,86,1758.5,1667.9,1859.8,1718.6,cattle,0.9281
IMG_00087.JPG,87,1170.5,2405.7,1272.0,2456.5,cattle,0.8405
IMG_00087.JPG,87,1006.2,2705.4,1107.7,2756.2,cattle,0.8480
IMG_00087.JPG,87,1158.7,1890.0,1260.2,1940.8,cattle,0.8917
IMG_00087.JPG,87,-13.5,2472.3,88.1,2523.1,cattle,0.9385
IMG_00087.JPG,87,883.6,2598.4,985.2,2649.2,cattle,0.8740
IMG_00087.JPG,87,1712.5,2896.8,1814.0,2947.5,cattle,0.8973
IMG_00087.JPG,87,1515.2,2495.1,1616.7,2545.8,cattle,0.6910
IMG_00087.JPG,87,1348.8,1994.8,1450.3,2045.5,cattle,0.8912
IMG_00087.JPG,87,359.0,1139.7,460.5,1190.5,sheep,0.3272
IMG_00087.JPG,87,1362.8,2463.5,1464.3,2514.3,cattle,0.8944
IMG_00087.JPG,87,1086.7,2028.6,1188.2,2079.4,cattle,0.7870
IMG_00087.JPG,87,653.7,1182.4,755.2,1233.2,cattle,0.8780
IMG_00087.JPG,87,1767.1,2602.5,1868.6,2653.2,cattle,0.7508
IMG_00087.JPG,87,55.5,596.4,157.0,647.2,cattle,0.7762
IMG_00088.JPG,88,1152.0,2750.5,1253.9,2801.4,cattle,0.8489
IMG_00088.JPG,88,898.2,2662.0,1000.1,2712.9,cattle,0.8749
IMG_00088.JPG,88,1352.0,2861.9,1453.9,2912.8,cattle,0.9057
IMG_00088.JPG,88,359.3,1999.7,461.2,2050.7,cattle,0.8307
IMG_00088.JPG,88,1081.6,2888.9,1183.5,2939.8,cattle,0.9465
IMG_00088.JPG,88,654.0,2049.9,755.9,2100.8,cattle,0.6317
IMG_00088.JPG,88,54.7,1441.3,156.6,1492.3,cattle,0.8124
IMG_00089.JPG,89,353.0,2915.9,455.2,2967.0,cattle,0.8837
IMG_00089.JPG,89,49.5,2355.3,151.8,2406.4,cattle,0.8318
IMG_00092.JPG,92,2518.8,792.6,2621.1,843.7,cattle,0.8465
IMG_00092.JPG,92,2430.1,133.9,2532.4,185.1,cattle,0.9032
IMG_00092.JPG,92,3353.4,832.7,3455.7,883.8,horse,0.3077
IMG_00092.JPG,92,2934.7,556.2,3037.0,607.4,cattle,0.7229
IMG_00092.JPG,92,3605.8,821.8,3708.1,873.0,cattle,0.9183
IMG_00092.JPG,92,2991.2,210.6,3093.5,261.7,cattle,0.8572
IMG_00092.JPG,92,3100.0,838.3,3202.3,889.5,cattle,0.9855
IMG_00092.JPG,92,2653.4,475.9,2755.7,527.0,cattle,0.8971
IMG_00092.JPG,92,3169.6,220.7,3271.9,271.9,cattle,0.8469
IMG_00092.JPG,92,3095.2,40.5,3197.5,91.6,cattle,0.8690
IMG_00092.JPG,92,1942.7,14.5,2045.0,65.6,cattle,0.9628
IMG_00092.JPG,92,2240.8,574.3,2343.1,625.5,cattle,0.8225
IMG_00093.JPG,93,2524.7,1734.7,2625.6,1785.2,cattle,0.6915
IMG_00093.JPG,93,2881.3,185.9,2982.2,236.4,sheep,0.5206
IMG_00093.JPG,93,2820.7,815.3,2921.7,865.8,cattle,0.8963
IMG_00093.JPG,93,3623.7,811.5,3724.7,861.9,horse,0.3077
IMG_00093.JPG,93,2749.7,352.2,2850.7,402.6,cattle,0.8729
IMG_00093.JPG,93,2529.2,809.0,2630.2,859.5,cattle,0.7865
IMG_00093.JPG,93,2430.5,1081.8,2531.5,1132.3,cattle,0.8331
IMG_00093.JPG,93,3358.7,1772.8,3459.6,1823.3,cattle,0.8384
IMG_00093.JPG,93,1140.5,224.5,1241.4,275.0,cattle,0.9553
IMG_00093.JPG,93,2932.8,1495.4,3033.8,1545.9,cattle,0.9340
IMG_00093.JPG,93,3558.9,220.7,3659.9,271.1,cattle,0.8449
IMG_00093.JPG,93,3597.1,1759.7,3698.1,1810.2,cattle,0.8563
IMG_00093.JPG,93,2981.4,1154.4,3082.3,1204.9,cattle,0.8114
IMG_00093.JPG,93,3102.8,1782.1,3203.7,1832.6,cattle,0.9498
IMG_00093.JPG,93,3665.4,353.7,3766.4,404.1,cattle,0.8902
IMG_00093.JPG,93,2652.2,1411.1,2753.1,1461.6,cattle,0.8466
IMG_00093.JPG,93,3157.3,1160.9,3258.3,1211.4,cattle,0.9020
IMG_00093.JPG,93,3087.5,986.1,3188.5,1036.6,cattle,0.8120
IMG_00093.JPG,93,1402.4,309.7,1503.3,360.2,cattle,0.8701
IMG_00093.JPG,93,948.4,111.7,1049.4,162.2,cattle,0.7754
IMG_00093.JPG,93,2340.8,387.1,2441.8,437.5,cattle,0.8699
IMG_00093.JPG,93,1939.6,964.8,2040.6,1015.3,cattle,0.8472
IMG_00093.JPG,93,3764.1,738.6,3865.1,789.0,cattle,0.8362
IMG_00093.JPG,93,1208.5,84.3,1309.4,134.7,cattle,0.8318
IMG_00093.JPG,93,1636.1,917.3,1737.0,967.8,cattle,0.7304
IMG_00093.JPG,93,2242.2,1517.3,2343.1,1567.7,cattle,0.8890
IMG_00094.JPG,94,2521.9,2633.6,2623.8,2684.5,cattle,0.9578
IMG_00094.JPG,94,2889.1,1084.1,2990.9,1135.0,cattle,0.8214
IMG_00094.JPG,94,2825.7,1728.9,2927.6,1779.9,cattle,0.7803
IMG_00094.JPG,94,1137.1,606.1,1239.0,657.0,cattle,0.8075
IMG_00094.JPG,94,3635.6,1716.7,3737.4,1767.6,cattle,0.9375
IMG_00094.JPG,94,2760.3,1252.9,2862.1,1303.8,cattle,0.8522
IMG_00094.JPG,94,2533.7,1713.7,2635.5,1764.6,cattle,0.9111
IMG_00094.JPG,94,2435.3,1983.0,2537.1,2033.9,cattle,0.9270
IMG_00094.JPG,94,3348.7,2687.0,3450.6,2738.0,cattle,0.5957
IMG_00094.JPG,94,1297.7,306.2,1399.5,357.1,cattle,0.8510
IMG_00094.JPG,94,1151.5,1112.9,1253.3,1163.8,cattle,0.8618
IMG_00094.JPG,94,2926.5,2396.5,3028.3,2447.4,cattle,0.7865
IMG_00094.JPG,94,2448.9,143.8,2550.8,194.8,cattle,0.5462
IMG_00094.JPG,94,3562.4,1124.6,3664.2,1175.6,cattle,0.6425
IMG_00094.JPG,94,2534.9,555.0,2636.7,605.9,horse,0.5595
IMG_00094.JPG,94,2309.6,535.9,2411.4,586.8,cattle,0.9398
IMG_00094.JPG,94,1423.1,407.6,1524.9,458.5,cattle,0.7844
IMG_00094.JPG,94,2987.2,2064.9,3089.0,2115.8,cattle,0.8475
IMG_00094.JPG,94,3102.8,2687.8,3204.6,2738.7,cattle,0.9717
IMG_00094.JPG,94,3678.9,1261.0,3780.8,1312.0,cattle,0.6540
IMG_00094.JPG,94,596.3,114.4,698.1,165.3,cattle,0.6664
IMG_00094.JPG,94,790.5,511.8,892.3,562.7,cattle,0.7935
IMG_00094.JPG,94,2652.6,2323.1,2754.4,2374.0,cattle,0.9060
IMG_00094.JPG,94,366.3,14.3,468.1,65.2,cattle,0.9503
IMG_00094.JPG,94,3166.5,2067.8,3268.4,2118.8,cattle,0.7856
IMG_00094.JPG,94,3091.4,1893.5,3193.3,1944.4,cattle,0.9218
IMG_00094.JPG,94,3331.4,263.6,3433.2,314.5,cattle,0.8733
IMG_00094.JPG,94,1402.2,1197.8,1504.1,1248.8,cattle,0.8439
IMG_00094.JPG,94,950.6,1009.7,1052.4,1060.6,cattle,0.8715
IMG_00094.JPG,94,2346.9,1287.3,2448.8,1338.2,cattle,0.8417
IMG_00094.JPG,94,1942.3,1866.7,2044.2,1917.6,cattle,0.7576
IMG_00094.JPG,94,936.1,540.9,1037.9,591.8,cattle,0.9592
IMG_00094.JPG,94,3774.4,1641.3,3876.2,1692.2,cattle,0.9248
IMG_00094.JPG,94,1216.5,977.1,1318.3,1028.0,cattle,0.9184
IMG_00094.JPG,94,1644.2,1814.8,1746.0,1865.7,cattle,0.9314
IMG_00094.JPG,94,537.1,398.1,638.9,449.0,cattle,0.9281
IMG_00094.JPG,94,2246.3,2425.5,2348.1,2476.4,cattle,0.8551
IMG_00095.JPG,95,566.2,75.2,668.1,126.2,cattle,0.7864
IMG_00095.JPG,95,1210.3,639.7,1312.3,690.7,cattle,0.8437
IMG_00095.JPG,95,2893.6,1975.1,2995.6,2026.1,cattle,0.9520
IMG_00095.JPG,95,2829.2,2627.8,2931.1,2678.8,cattle,0.8727
IMG_00095.JPG,95,1131.8,1501.5,1233.7,1552.5,cattle,0.6896
IMG_00095.JPG,95,2765.8,2149.0,2867.8,2200.0,cattle,0.8438
IMG_00095.JPG,95,2532.4,2613.1,2634.4,2664.0,cattle,0.7987
IMG_00095.JPG,95,2439.7,2888.9,2541.7,2939.9,cattle,0.7014
IMG_00095.JPG,95,807.6,789.1,909.6,840.1,cattle,0.9155
IMG_00095.JPG,95,825.0,189.8,927.0,240.8,cattle,0.8141
IMG_00095.JPG,95,1617.1,503.6,1719.1,554.6,cattle,0.8454
IMG_00095.JPG,95,1630.1,767.6,1732.1,818.6,cattle,0.7838
IMG_00095.JPG,95,332.5,347.3,434.5,398.3,cattle,0.9543
IMG_00095.JPG,95,1294.3,1192.1,1396.3,1243.1,cattle,0.9167
IMG_00095.JPG,95,136.7,181.8,238.7,232.8,cattle,0.8142
IMG_00095.JPG,95,1144.9,2016.1,1246.9,2067.1,cattle,0.7912
IMG_00095.JPG,95,2286.7,793.4,2388.7,844.4,cattle,0.6820
IMG_00095.JPG,95,2457.9,1037.3,2559.9,1088.3,cattle,0.9643
IMG_00095.JPG,95,956.6,35.3,1058.6,86.3,cattle,0.6856
IMG_00095.JPG,95,3568.5,2025.2,3670.5,2076.2,cattle,0.8591
IMG_00095.JPG,95,2535.9,1455.8,2637.8,1506.8,sheep,0.4916
IMG_00095.JPG,95,2313.8,1428.7,2415.8,1479.6,cattle,0.9301
IMG_00095.JPG,95,1412.2,1305.9,1514.2,1356.8,cattle,0.9656
IMG_00095.JPG,95,1122.3,528.8,1224.3,579.8,cattle,0.8739
IMG_00095.JPG,95,1712.2,169.1,1814.1,220.1,cattle,0.9487
IMG_00095.JPG,95,3684.6,2156.2,3786.6,2207.2,cattle,0.9390
IMG_00095.JPG,95,907.8,439.8,1009.7,490.8,cattle,0.9164
IMG_00095.JPG,95,2330.5,20.5,2432.5,71.5,cattle,0.8997
IMG_00095.JPG,95,596.5,1009.7,698.5,1060.7,cattle,0.7833
IMG_00095.JPG,95,793.6,1401.4,895.6,1452.4,cattle,0.9011
IMG_00095.JPG,95,437.3,8.6,539.3,59.6,cattle,0.7076
IMG_00095.JPG,95,861.2,651.6,963.2,702.5,cattle,0.9461
IMG_00095.JPG,95,360.5,910.0,462.5,961.0,cattle,0.9306
IMG_00095.JPG,95,3096.8,2786.2,3198.7,2837.2,cattle,0.8987
IMG_00095.JPG,95,3333.3,1154.8,3435.2,1205.8,cattle,0.7944
IMG_00095.JPG,95,1396.4,2099.1,1498.4,2150.1,cattle,0.9406
IMG_00095.JPG,95,953.8,1903.9,1055.7,1954.9,cattle,0.8598
IMG_00095.JPG,95,2351.0,2191.3,2453.0,2242.3,cattle,0.8757
IMG_00095.JPG,95,1945.1,2768.6,2047.0,2819.6,cattle,0.9491
IMG_00095.JPG,95,927.1,1438.1,1029.0,1489.1,cattle,0.9486
IMG_00095.JPG,95,1222.6,155.8,1324.6,206.7,cattle,0.8265
IMG_00095.JPG,95,3783.7,2543.4,3885.6,2594.4,cattle,0.6822
IMG_00095.JPG,95,1213.5,1871.8,1315.5,1922.8,cattle,0.9236
IMG_00095.JPG,95,657.6,869.3,759.6,920.2,cattle,0.9724
IMG_00095.JPG,95,1649.6,2720.7,1751.5,2771.6,cattle,0.7181
IMG_00095.JPG,95,534.1,1290.9,636.1,1341.9,cattle,0.9573
IMG_00096.JPG,96,565.3,944.1,667.1,995.0,cattle,0.7906
IMG_00096.JPG,96,1202.7,1502.7,1304.6,1553.7,cattle,0.9137
IMG_00096.JPG,96,2879.8,2856.3,2981.7,2907.2,cattle,0.9365
IMG_00096.JPG,96,1127.9,2366.9,1229.7,2417.9,cattle,0.9378
IMG_00096.JPG,96,806.9,1648.4,908.8,1699.3,cattle,0.7260
IMG_00096.JPG,96,826.7,1049.9,928.6,1100.8,cattle,0.7814
IMG_00096.JPG,96,1618.6,1373.0,1720.5,1424.0,cattle,0.8803
IMG_00096.JPG,96,1636.7,1633.1,1738.6,1684.1,cattle,0.9443
IMG_00096.JPG,96,329.7,1203.6,431.6,1254.6,cattle,0.6788
IMG_00096.JPG,96,1286.3,2062.9,1388.2,2113.8,cattle,0.9459
IMG_00096.JPG,96,137.4,1038.6,239.3,1089.5,cattle,0.7944
IMG_00096.JPG,96,1138.8,2879.9,1240.7,2930.9,cattle,0.7976
IMG_00096.JPG,96,2126.9,150.6,2228.8,201.5,cattle,0.9605
IMG_00096.JPG,96,2451.4,1916.1,2553.3,1967.0,cattle,0.8838
IMG_00096.JPG,96,1100.7,361.5,1202.6,412.4,cattle,0.8717
IMG_00096.JPG,96,961.0,895.7,1062.9,946.7,cattle,0.9339
IMG_00096.JPG,96,3551.1,2909.8,3653.0,2960.8,cattle,0.8626
IMG_00096.JPG,96,2531.3,2332.5,2633.1,2383.4,cattle,0.8122
IMG_00096.JPG,96,2306.9,2315.0,2408.8,2365.9,cattle,0.9003
IMG_00096.JPG,96,1406.1,2171.3,1508.0,2222.2,cattle,0.8627
IMG_00096.JPG,96,299.8,396.6,401.7,447.5,cattle,0.9124
IMG_00096.JPG,96,1117.3,1390.1,1219.2,1441.1,cattle,0.8915
IMG_00096.JPG,96,1718.4,1033.8,1820.3,1084.7,cattle,0.9482
IMG_00096.JPG,96,904.6,1302.5,1006.5,1353.5,cattle,0.8707
IMG_00096.JPG,96,2337.0,896.8,2438.9,947.7,cattle,0.8593
IMG_00096.JPG,96,594.4,1869.7,696.3,1920.7,cattle,0.6582
IMG_00096.JPG,96,781.1,2264.2,883.0,2315.1,cattle,0.8865
IMG_00096.JPG,96,372.7,605.1,474.5,656.0,cattle,0.8651
IMG_00096.JPG,96,434.6,863.8,536.5,914.8,cattle,0.9775
IMG_00096.JPG,96,861.4,1516.4,963.3,1567.3,cattle,0.8346
IMG_00096.JPG,96,1988.4,83.2,2090.3,134.1,cattle,0.7854
IMG_00096.JPG,96,364.1,1760.5,466.0,1811.4,cattle,0.9205
IMG_00096.JPG,96,3333.3,2040.7,3435.2,2091.6,cattle,0.8690
IMG_00096.JPG,96,1794.8,760.3,1896.7,811.2,cattle,0.9158
IMG_00096.JPG,96,945.4,2763.9,1047.3,2814.9,cattle,0.8047
IMG_00096.JPG,96,925.0,2300.3,1026.9,2351.3,cattle,0.9149
IMG_00096.JPG,96,1222.6,1021.8,1324.5,1072.8,cattle,0.8527
IMG_00096.JPG,96,1204.3,2740.7,1306.2,2791.6,cattle,0.6541
IMG_00096.JPG,96,657.2,1725.8,759.1,1776.7,cattle,0.9628
IMG_00096.JPG,96,533.0,2158.1,634.9,2209.0,cattle,0.7740
IMG_00097.JPG,97,559.4,1846.2,661.2,1897.1,cattle,0.9389
IMG_00097.JPG,97,1201.0,2418.2,1302.8,2469.1,cattle,0.9357
IMG_00097.JPG,97,791.6,2571.4,893.4,2622.3,cattle,0.9490
IMG_00097.JPG,97,824.3,1964.8,926.0,2015.6,cattle,0.8823
IMG_00097.JPG,97,1616.8,2285.0,1718.6,2335.9,cattle,0.7071
IMG_00097.JPG,97,1632.3,2541.1,1734.0,2591.9,cattle,0.9748
IMG_00097.JPG,97,320.5,2119.8,422.3,2170.7,cattle,0.9220
IMG_00097.JPG,97,136.1,1952.5,237.9,2003.4,cattle,0.7805
IMG_00097.JPG,97,2117.9,1066.4,2219.7,1117.2,cattle,0.9262
IMG_00097.JPG,97,2446.7,2823.4,2548.5,2874.2,cattle,0.9488
IMG_00097.JPG,97,1092.7,1285.3,1194.5,1336.2,cattle,0.9260
IMG_00097.JPG,97,957.1,1807.5,1058.8,1858.4,cattle,0.6586
IMG_00097.JPG,97,294.5,1314.6,396.3,1365.5,cattle,0.7917
IMG_00097.JPG,97,1109.8,2309.8,1211.6,2360.7,cattle,0.9220
IMG_00097.JPG,97,1714.4,1949.2,1816.2,2000.1,cattle,0.8163
IMG_00097.JPG,97,903.7,2217.3,1005.4,2268.2,horse,0.5437
IMG_00097.JPG,97,2339.5,1801.2,2441.3,1852.1,cattle,0.8517
IMG_00097.JPG,97,586.8,2787.5,688.6,2838.4,cattle,0.9443
IMG_00097.JPG,97,367.8,1519.4,469.6,1570.2,cattle,0.6811
IMG_00097.JPG,97,432.0,1778.3,533.8,1829.2,cattle,0.8272
IMG_00097.JPG,97,854.9,2430.4,956.7,2481.3,cattle,0.8390
IMG_00097.JPG,97,1977.4,996.1,2079.1,1047.0,cattle,0.9106
IMG_00097.JPG,97,355.9,2677.5,457.6,2728.4,cattle,0.8300
IMG_00097.JPG,97,3332.4,2949.4,3434.2,3000.3,cattle,0.9048
IMG_00097.JPG,97,1786.0,1675.6,1887.7,1726.4,cattle,0.7222
IMG_00097.JPG,97,1221.4,1936.1,1323.1,1987.0,cattle,0.8603
IMG_00097.JPG,97,150.8,143.7,252.6,194.6,cattle,0.6038
IMG_00097.JPG,97,651.2,2641.6,752.9,2692.5,cattle,0.9406
IMG_00098.JPG,98,550.1,2748.4,651.6,2799.1,cattle,0.9150
IMG_00098.JPG,98,821.7,2864.1,923.1,2914.8,cattle,0.7660
IMG_00098.JPG,98,124.6,2855.4,226.0,2906.1,cattle,0.9265
IMG_00098.JPG,98,2123.5,1966.1,2224.9,2016.8,cattle,0.9449
IMG_00098.JPG,98,3883.8,290.6,3985.3,341.3,cattle,0.8142
IMG_00098.JPG,98,1093.1,2182.9,1194.5,2233.6,cattle,0.8242
IMG_00098.JPG,98,3828.4,460.2,3929.8,510.9,cattle,0.7785
IMG_00098.JPG,98,287.7,2219.7,389.1,2270.4,cattle,0.8812
IMG_00098.JPG,98,1708.5,2851.9,1810.0,2902.6,cattle,0.9424
IMG_00098.JPG,98,361.7,2422.4,463.1,2473.1,cattle,0.7704
IMG_00098.JPG,98,435.0,2678.9,536.4,2729.6,cattle,0.8041
IMG_00098.JPG,98,1979.1,1900.6,2080.5,1951.3,cattle,0.9489
IMG_00098.JPG,98,1782.2,2578.1,1883.7,2628.8,cattle,0.6943
IMG_00098.JPG,98,1212.3,2833.5,1313.7,2884.2,cattle,0.9546
IMG_00098.JPG,98,140.6,1047.0,242.0,1097.7,cattle,0.8089
IMG_00099.JPG,99,3709.5,201.7,3811.1,252.5,cattle,0.8371
IMG_00099.JPG,99,2122.7,2840.7,2224.3,2891.5,cattle,0.9266
IMG_00099.JPG,99,3879.8,753.2,3981.4,804.0,cattle,0.7059
IMG_00099.JPG,99,3873.7,1155.9,3975.3,1206.7,cattle,0.9185
IMG_00099.JPG,99,3565.4,425.0,3667.0,475.8,cattle,0.8338
IMG_00099.JPG,99,3826.7,1330.1,3928.3,1380.9,cattle,0.9164
IMG_00099.JPG,99,1684.7,132.4,1786.3,183.2,cattle,0.9471
IMG_00099.JPG,99,1976.7,2770.8,2078.3,2821.6,cattle,0.9138
IMG_00099.JPG,99,2957.0,340.0,3058.6,390.8,cattle,0.8096
IMG_00099.JPG,99,146.3,1939.3,247.9,1990.1,cattle,0.8423
IMG_00099.JPG,99,3591.9,697.4,3693.5,748.2,cattle,0.8388
IMG_00100.JPG,100,3283.8,972.2,3385.4,1022.9,cattle,0.8616
IMG_00100.JPG,100,3845.4,417.5,3946.9,468.3,cattle,0.9374
IMG_00100.JPG,100,3327.4,300.9,3429.0,351.6,cattle,0.9708
IMG_00100.JPG,100,3713.4,1112.7,3815.0,1163.5,cattle,0.9328
IMG_00100.JPG,100,3882.5,1655.6,3984.0,1706.4,cattle,0.9745
IMG_00100.JPG,100,3870.3,2060.2,3971.8,2110.9,cattle,0.8805
IMG_00100.JPG,100,3778.2,210.0,3879.7,260.8,cattle,0.9396
IMG_00100.JPG,100,2647.9,373.3,2749.4,424.1,cattle,0.9498
IMG_00100.JPG,100,3567.3,1333.0,3668.8,1383.7,cattle,0.9461
IMG_00100.JPG,100,3819.4,2231.8,3920.9,2282.5,cattle,0.8996
IMG_00100.JPG,100,1695.8,1032.4,1797.3,1083.2,cattle,0.9883
IMG_00100.JPG,100,2956.0,1245.9,3057.6,1296.6,cattle,0.7616
IMG_00100.JPG,100,145.6,2830.5,247.1,2881.3,cattle,0.8199
IMG_00100.JPG,100,3593.0,1605.6,3694.5,1656.4,cattle,0.9018
IMG_00101.JPG,101,3272.8,1908.5,3375.8,1960.0,cattle,0.8878
IMG_00101.JPG,101,3838.0,1364.2,3941.0,1415.7,cattle,0.8728
IMG_00101.JPG,101,3327.6,1240.2,3430.6,1291.7,cattle,0.8489
IMG_00101.JPG,101,3706.9,2053.0,3809.8,2104.5,cattle,0.9115
IMG_00101.JPG,101,3874.4,2592.6,3977.4,2644.1,cattle,0.8319
IMG_00101.JPG,101,3773.3,1155.3,3876.3,1206.8,cattle,0.7988
IMG_00101.JPG,101,3389.7,424.8,3492.6,476.3,cattle,0.8645
IMG_00101.JPG,101,2644.8,1306.9,2747.7,1358.4,cattle,0.9055
IMG_00101.JPG,101,3563.7,2269.6,3666.7,2321.1,cattle,0.7034
IMG_00101.JPG,101,1690.4,1966.1,1793.4,2017.6,cattle,0.8199
IMG_00101.JPG,101,2955.5,2186.6,3058.5,2238.1,cattle,0.8549
IMG_00101.JPG,101,3590.2,2542.1,3693.1,2593.6,cattle,0.9363
IMG_00102.JPG,102,3283.0,2790.1,3385.4,2841.3,cattle,0.8593
IMG_00102.JPG,102,3841.0,2242.3,3943.4,2293.5,cattle,0.9317
IMG_00102.JPG,102,3327.7,2116.9,3430.1,2168.1,cattle,0.8828
IMG_00102.JPG,102,3711.8,2929.8,3814.3,2981.0,cattle,0.8334
IMG_00102.JPG,102,3773.9,2034.0,3876.4,2085.2,cattle,0.9014
IMG_00102.JPG,102,3388.6,1302.1,3491.0,1353.3,cattle,0.9315
IMG_00102.JPG,102,2644.1,2201.7,2746.5,2252.9,cattle,0.8301
IMG_00102.JPG,102,1695.0,2859.1,1797.4,2910.3,cattle,0.8242
IMG_00103.JPG,103,3774.4,2948.6,3875.8,2999.3,cattle,0.8941
IMG_00103.JPG,103,3387.4,2214.6,3488.8,2265.3,cattle,0.8280
IMG_00107.JPG,107,361.9,311.9,464.1,363.0,cattle,0.8872
IMG_00107.JPG,107,809.9,435.7,912.1,486.8,cattle,0.7872
IMG_00108.JPG,108,1150.1,178.7,1251.9,229.6,cattle,0.8815
IMG_00108.JPG,108,343.9,572.0,445.7,622.9,cattle,0.6779
IMG_00108.JPG,108,1723.1,-1.6,1824.9,49.3,cattle,0.9255
IMG_00108.JPG,108,2110.1,735.5,2211.9,786.4,cattle,0.8236
IMG_00108.JPG,108,1105.6,323.2,1207.4,374.1,cattle,0.9133
IMG_00108.JPG,108,815.8,1306.1,917.6,1357.0,cattle,0.7903
IMG_00108.JPG,108,1479.9,240.9,1581.7,291.8,cattle,0.8230
IMG_00108.JPG,108,1242.6,614.7,1344.4,665.6,cattle,0.9056
IMG_00108.JPG,108,879.0,77.5,980.8,128.4,cattle,0.9053
IMG_00108.JPG,108,-25.6,119.8,76.2,170.7,cattle,0.7980
IMG_00108.JPG,108,1528.4,872.4,1630.2,923.3,cattle,0.9918
IMG_00109.JPG,109,2219.3,161.9,2320.4,212.4,cattle,0.8184
IMG_00109.JPG,109,1150.9,1087.5,1252.0,1138.0,cattle,0.9690
IMG_00109.JPG,109,1662.5,707.4,1763.5,757.9,cattle,0.9833
IMG_00109.JPG,109,347.1,1485.0,448.2,1535.5,cattle,0.8571
IMG_00109.JPG,109,2174.3,835.9,2275.3,886.5,cattle,0.8431
IMG_00109.JPG,109,1792.9,19.3,1893.9,69.8,cattle,0.7943
IMG_00109.JPG,109,56.3,404.9,157.3,455.4,cattle,0.9598
IMG_00109.JPG,109,1721.5,920.4,1822.5,970.9,cattle,0.7483
IMG_00109.JPG,109,2107.9,1652.6,2208.9,1703.1,cattle,0.7877
IMG_00109.JPG,109,1352.3,409.7,1453.4,460.3,cattle,0.8754
IMG_00109.JPG,109,364.4,2094.8,465.4,2145.3,cattle,0.9206
IMG_00109.JPG,109,1104.9,1234.1,1206.0,1284.6,cattle,0.8164
IMG_00109.JPG,109,2855.6,754.3,2956.6,804.8,cattle,0.9478
IMG_00109.JPG,109,1061.1,330.4,1162.1,380.9,goat,0.5163
IMG_00109.JPG,109,806.0,2224.6,907.0,2275.1,cattle,0.9405
IMG_00109.JPG,109,1482.9,1162.0,1584.0,1212.6,cattle,0.9444
IMG_00109.JPG,109,137.3,510.7,238.4,561.2,cattle,0.7519
IMG_00109.JPG,109,3811.3,104.1,3912.3,154.6,cattle,0.8189
IMG_00109.JPG,109,895.7,482.4,996.7,533.0,cattle,0.9542
IMG_00109.JPG,109,1250.8,1523.4,1351.8,1574.0,cattle,0.7607
IMG_00109.JPG,109,884.0,1000.7,985.0,1051.2,cattle,0.9727
IMG_00109.JPG,109,669.5,424.4,770.5,474.9,cattle,0.7758
IMG_00109.JPG,109,1422.7,255.6,1523.8,306.2,cattle,0.8697
IMG_00109.JPG,109,-22.2,1029.1,78.8,1079.6,cattle,0.9622
IMG_00109.JPG,109,1526.4,1793.8,1627.4,1844.3,cattle,0.9148
IMG_00110.JPG,110,2209.0,1063.4,2311.0,1114.4,cattle,0.8641
IMG_00110.JPG,110,1158.0,2001.6,1260.0,2052.6,cattle,0.9142
IMG_00110.JPG,110,1662.1,1606.4,1764.1,1657.4,cattle,0.9284
IMG_00110.JPG,110,351.9,2394.6,453.9,2445.6,cattle,0.7148
IMG_00110.JPG,110,1255.9,513.8,1357.9,564.8,cattle,0.8832
IMG_00110.JPG,110,2178.0,1724.5,2280.0,1775.5,cattle,0.7721
IMG_00110.JPG,110,1791.5,914.2,1893.5,965.2,cattle,0.8916
IMG_00110.JPG,110,1065.7,560.6,1167.7,611.6,cattle,0.8274
IMG_00110.JPG,110,459.1,731.9,561.1,782.9,cattle,0.8947
IMG_00110.JPG,110,447.4,1552.1,549.4,1603.1,cattle,0.8480
IMG_00110.JPG,110,1611.3,380.1,1713.3,431.1,sheep,0.5867
IMG_00110.JPG,110,46.9,1319.4,148.8,1370.4,cattle,0.8701
IMG_00110.JPG,110,1723.5,1813.3,1825.5,1864.3,cattle,0.9205
IMG_00110.JPG,110,2114.7,2555.7,2216.7,2606.7,cattle,0.8752
IMG_00110.JPG,110,1349.8,1318.3,1451.8,1369.3,cattle,0.7736
IMG_00110.JPG,110,1109.6,2145.2,1211.6,2196.2,cattle,0.7890
IMG_00110.JPG,110,2854.8,1649.4,2956.7,1700.3,cattle,0.8204
IMG_00110.JPG,110,1055.0,1241.1,1157.0,1292.1,cattle,0.9657
IMG_00110.JPG,110,1925.9,705.0,2027.9,756.0,cattle,0.7532
IMG_00110.JPG,110,933.1,790.0,1035.0,841.0,cattle,0.9013
IMG_00110.JPG,110,1482.8,2064.7,1584.8,2115.7,cattle,0.8370
IMG_00110.JPG,110,134.6,1426.7,236.6,1477.6,cattle,0.9413
IMG_00110.JPG,110,3799.3,991.7,3901.3,1042.7,cattle,0.6879
IMG_00110.JPG,110,881.4,1388.6,983.3,1439.6,cattle,0.9385
IMG_00110.JPG,110,1252.5,2431.3,1354.5,2482.3,cattle,0.6802
IMG_00110.JPG,110,825.4,404.5,927.4,455.5,cattle,0.8382
IMG_00110.JPG,110,883.7,1907.0,985.7,1958.0,cattle,0.6773
IMG_00110.JPG,110,1046.6,38.7,1148.6,89.7,cattle,0.8670
IMG_00110.JPG,110,672.0,1334.6,774.0,1385.6,cattle,0.9013
IMG_00110.JPG,110,1419.4,1156.6,1521.4,1207.6,cattle,0.8373
IMG_00110.JPG,110,2537.0,783.3,2639.0,834.3,cattle,0.8107
IMG_00110.JPG,110,-26.0,1945.1,76.0,1996.1,cattle,0.8434
IMG_00110.JPG,110,1529.5,2688.2,1631.5,2739.2,cattle,0.8465
IMG_00110.JPG,110,1904.5,431.2,2006.5,482.2,cattle,0.9160
IMG_00111.JPG,111,2220.1,1966.2,2321.8,2017.1,cattle,0.9245
IMG_00111.JPG,111,1160.4,2902.7,1262.1,2953.5,cattle,0.8715
IMG_00111.JPG,111,1661.3,2514.0,1763.0,2564.8,cattle,0.7809
IMG_00111.JPG,111,2172.7,2633.2,2274.4,2684.1,cattle,0.8971
IMG_00111.JPG,111,1066.4,1468.0,1168.1,1518.9,cattle,0.8167
IMG_00111.JPG,111,466.5,1644.1,568.3,1695.0,cattle,0.9537
IMG_00111.JPG,111,450.6,2457.6,552.4,2508.4,cattle,0.7365
IMG_00111.JPG,111,1616.2,1282.4,1717.9,1333.2,cattle,0.8643
IMG_00111.JPG,111,47.2,2221.9,148.9,2272.8,cattle,0.8248
IMG_00111.JPG,111,1622.9,873.5,1724.6,924.3,cattle,0.8215
IMG_00111.JPG,111,1726.4,2725.5,1828.1,2776.3,cattle,0.8067
IMG_00111.JPG,111,1349.9,2218.3,1451.7,2269.2,cattle,0.9084
IMG_00111.JPG,111,2858.1,2559.8,2959.8,2610.7,cattle,0.8583
IMG_00111.JPG,111,1061.6,2134.9,1163.3,2185.8,cattle,0.8797
IMG_00111.JPG,111,1932.0,1611.5,2033.8,1662.3,cattle,0.8564
IMG_00111.JPG,111,937.5,1690.6,1039.3,1741.5,cattle,0.9278
IMG_00111.JPG,111,139.2,2337.3,241.0,2388.2,cattle,0.8688
IMG_00111.JPG,111,1671.4,700.0,1773.1,750.9,cattle,0.8557
IMG_00111.JPG,111,3808.1,1898.7,3909.9,1949.6,cattle,0.9506
IMG_00111.JPG,111,889.0,2294.6,990.8,2345.5,cattle,0.7908
IMG_00111.JPG,111,831.7,1313.5,933.4,1364.3,cattle,0.9781
IMG_00111.JPG,111,885.4,2807.8,987.2,2858.7,cattle,0.7564
IMG_00111.JPG,111,1047.8,940.9,1149.5,991.7,cattle,0.6858
IMG_00111.JPG,111,664.9,2241.2,766.6,2292.1,cattle,0.9764
IMG_00111.JPG,111,1421.4,2061.2,1523.1,2112.0,cattle,0.8155
IMG_00111.JPG,111,-25.9,2850.3,75.8,2901.2,cattle,0.9521
IMG_00111.JPG,111,1902.0,1332.3,2003.7,1383.1,cattle,0.9616
IMG_00112.JPG,112,2213.5,2843.8,2316.0,2895.1,cattle,0.8320
IMG_00112.JPG,112,1261.7,2299.7,1364.2,2351.0,cattle,0.8226
IMG_00112.JPG,112,1790.1,2710.2,1892.6,2761.4,cattle,0.9097
IMG_00112.JPG,112,1065.5,2351.4,1168.0,2402.7,cattle,0.8165
IMG_00112.JPG,112,468.9,2522.5,571.5,2573.8,cattle,0.8528
IMG_00112.JPG,112,3385.8,82.5,3488.3,133.7,cattle,0.9199
IMG_00112.JPG,112,1621.1,2166.5,1723.7,2217.8,cattle,0.8241
IMG_00112.JPG,112,1621.7,1759.2,1724.2,1810.5,cattle,0.8149
IMG_00112.JPG,112,1931.6,2492.6,2034.2,2543.9,cattle,0.8836
IMG_00112.JPG,112,931.8,2575.2,1034.4,2626.5,cattle,0.5709
IMG_00112.JPG,112,1670.4,1584.2,1772.9,1635.5,cattle,0.8635
IMG_00112.JPG,112,3798.2,2789.4,3900.8,2840.7,cattle,0.9409
IMG_00112.JPG,112,3523.5,152.6,3626.0,203.9,cattle,0.8754
IMG_00112.JPG,112,1049.2,1819.8,1151.7,1871.0,cattle,0.7260
IMG_00112.JPG,112,1420.6,2941.8,1523.1,2993.1,cattle,0.8041
IMG_00112.JPG,112,2539.3,2580.8,2641.9,2632.0,cattle,0.9479
IMG_00113.JPG,113,3382.8,981.9,3484.1,1032.5,cattle,0.9681
IMG_00113.JPG,113,1620.5,2663.0,1721.8,2713.6,cattle,0.9139
IMG_00113.JPG,113,1667.4,2487.6,1768.7,2538.2,cattle,0.8448
IMG_00113.JPG,113,3786.8,107.2,3888.1,157.8,cattle,0.8780
IMG_00113.JPG,113,3166.6,243.6,3267.9,294.3,cattle,0.5955
IMG_00113.JPG,113,3523.5,1054.6,3624.8,1105.3,cattle,0.9900
IMG_00113.JPG,113,1047.1,2721.9,1148.4,2772.6,cattle,0.9124
IMG_00113.JPG,113,3722.0,381.0,3823.3,431.6,cattle,0.8295
IMG_00114.JPG,114,3878.2,646.6,3979.0,697.0,cattle,0.8831
IMG_00114.JPG,114,3863.8,387.8,3964.6,438.2,cattle,0.7739
IMG_00114.JPG,114,3373.9,1873.0,3474.7,1923.4,cattle,0.9260
IMG_00114.JPG,114,3204.2,356.8,3305.0,407.2,cattle,0.8445
IMG_00114.JPG,114,3042.0,110.5,3142.9,161.0,cattle,0.8988
IMG_00114.JPG,114,3785.2,986.4,3886.1,1036.9,cattle,0.8489
IMG_00114.JPG,114,3157.3,1133.7,3258.1,1184.1,cattle,0.8586
IMG_00114.JPG,114,3518.5,1937.9,3619.3,1988.4,cattle,0.8394
IMG_00114.JPG,114,3710.1,1255.1,3810.9,1305.5,cattle,0.8702
IMG_00115.JPG,115,2612.1,109.0,2715.2,160.5,cattle,0.9580
IMG_00115.JPG,115,920.3,10.0,1023.5,61.5,cattle,0.9084
IMG_00115.JPG,115,3874.9,1587.6,3978.0,1639.1,cattle,0.9429
IMG_00115.JPG,115,3863.3,1329.4,3966.4,1381.0,cattle,0.9547
IMG_00115.JPG,115,3384.2,2808.6,3487.3,2860.2,cattle,0.8056
IMG_00115.JPG,115,3212.0,1295.9,3315.1,1347.5,cattle,0.7637
IMG_00115.JPG,115,3039.5,1046.5,3142.6,1098.1,cattle,0.8713
IMG_00115.JPG,115,1927.8,66.4,2030.9,118.0,cattle,0.8534
IMG_00115.JPG,115,2956.0,630.7,3059.1,682.2,cattle,0.9358
IMG_00115.JPG,115,3176.6,646.7,3279.8,698.2,cattle,0.8106
IMG_00115.JPG,115,3772.0,1924.0,3875.2,1975.6,cattle,0.9256
IMG_00115.JPG,115,3159.2,2067.0,3262.3,2118.6,cattle,0.8058
IMG_00115.JPG,115,3520.8,2885.7,3624.0,2937.3,cattle,0.9122
IMG_00115.JPG,115,2160.7,929.4,2263.8,981.0,cattle,0.8458
IMG_00115.JPG,115,3705.9,2197.1,3809.0,2248.7,cattle,0.9567
IMG_00116.JPG,116,2606.8,946.1,2708.9,997.2,cattle,0.8706
IMG_00116.JPG,116,2672.9,296.7,2775.0,347.7,cattle,0.9395
IMG_00116.JPG,116,1864.3,304.5,1966.3,355.6,cattle,0.8999
IMG_00116.JPG,116,906.7,846.9,1008.7,897.9,cattle,0.9510
IMG_00116.JPG,116,2736.7,774.2,2838.8,825.2,cattle,0.9350
IMG_00116.JPG,116,2964.9,308.7,3067.0,359.8,cattle,0.9520
IMG_00116.JPG,116,3067.1,31.9,3169.2,82.9,horse,0.3446
IMG_00116.JPG,116,1529.7,781.2,1631.8,832.3,cattle,0.5562
IMG_00116.JPG,116,3870.1,2420.8,3972.1,2471.9,cattle,0.7558
IMG_00116.JPG,116,3860.0,2156.4,3962.1,2207.4,cattle,0.8100
IMG_00116.JPG,116,3202.2,2134.1,3304.2,2185.1,cattle,0.8849
IMG_00116.JPG,116,3035.4,1890.9,3137.5,1941.9,cattle,0.9268
IMG_00116.JPG,116,1931.7,899.0,2033.8,950.0,cattle,0.8251
IMG_00116.JPG,116,2964.0,1471.3,3066.0,1522.3,cattle,0.7511
IMG_00116.JPG,116,3181.1,1494.7,3283.1,1545.7,cattle,0.9070
IMG_00116.JPG,116,3767.5,2752.5,3869.6,2803.6,cattle,0.7831
IMG_00116.JPG,116,1809.7,758.7,1911.7,809.7,cattle,0.8004
IMG_00116.JPG,116,3158.2,2904.3,3260.3,2955.4,cattle,0.8712
IMG_00116.JPG,116,2404.9,134.5,2507.0,185.5,cattle,0.8872
IMG_00116.JPG,116,2163.2,1773.5,2265.2,1824.5,cattle,0.9225
IMG_00116.JPG,116,3147.6,738.3,3249.7,789.4,cattle,0.9554
IMG_00116.JPG,116,3560.6,156.9,3662.7,207.9,cattle,0.8952
IMG_00116.JPG,116,1716.4,382.8,1818.5,433.9,cattle,0.9425
IMG_00116.JPG,116,3863.6,203.4,3965.7,254.5,cattle,0.6519
IMG_00117.JPG,117,2985.5,312.1,3086.8,362.8,cattle,0.6279
IMG_00117.JPG,117,2609.7,1866.1,2711.0,1916.7,cattle,0.8624
IMG_00117.JPG,117,2679.1,1226.1,2780.4,1276.8,cattle,0.9005
IMG_00117.JPG,117,1868.4,1218.2,1969.7,1268.8,cattle,0.9430
IMG_00117.JPG,117,911.7,1761.3,1013.0,1811.9,cattle,0.9128
IMG_00117.JPG,117,2742.3,1696.7,2843.6,1747.3,cattle,0.8585
IMG_00117.JPG,117,2966.0,1234.2,3067.3,1284.8,cattle,0.8949
IMG_00117.JPG,117,3063.8,962.5,3165.1,1013.1,cattle,0.9060
IMG_00117.JPG,117,1535.8,1695.9,1637.0,1746.5,cattle,0.7426
IMG_00117.JPG,117,2152.9,262.0,2254.2,312.7,cattle,0.9311
IMG_00117.JPG,117,3039.9,2800.2,3141.2,2850.8,cattle,0.9392
IMG_00117.JPG,117,1929.3,1818.5,2030.6,1869.1,cattle,0.8249
IMG_00117.JPG,117,2958.1,2388.2,3059.3,2438.8,cattle,0.7786
IMG_00117.JPG,117,3180.9,2409.3,3282.2,2459.9,cattle,0.9555
IMG_00117.JPG,117,1901.9,277.2,2003.1,327.9,cattle,0.9649
IMG_00117.JPG,117,2510.5,884.6,2611.7,935.2,cattle,0.9325
IMG_00117.JPG,117,2397.4,255.3,2498.7,306.0,cattle,0.8478
IMG_00117.JPG,117,1816.2,1679.7,1917.5,1730.4,cattle,0.9606
IMG_00117.JPG,117,2844.1,625.4,2945.4,676.1,cattle,0.8959
IMG_00117.JPG,117,2408.3,1055.7,2509.6,1106.4,cattle,0.8135
IMG_00117.JPG,117,2159.7,2681.9,2261.0,2732.5,cattle,0.7709
IMG_00117.JPG,117,3144.8,1659.6,3246.1,1710.3,cattle,0.9374
IMG_00117.JPG,117,3556.1,1083.5,3657.3,1134.2,cattle,0.8330
IMG_00117.JPG,117,1718.6,1303.6,1819.9,1354.2,cattle,0.8371
IMG_00117.JPG,117,3857.0,1127.8,3958.2,1178.4,cattle,0.9277
IMG_00117.JPG,117,3259.5,531.6,3360.7,582.2,cattle,0.7831
IMG_00118.JPG,118,2978.3,1204.3,3080.8,1255.6,cattle,0.9564
IMG_00118.JPG,118,2606.3,2756.6,2708.8,2807.9,cattle,0.8723
IMG_00118.JPG,118,2669.5,2116.5,2772.0,2167.8,cattle,0.8675
IMG_00118.JPG,118,1864.0,2120.7,1966.5,2172.0,cattle,0.9113
IMG_00118.JPG,118,922.1,2660.4,1024.6,2711.6,cattle,0.9731
IMG_00118.JPG,118,2742.4,2591.9,2844.9,2643.2,cattle,0.8039
IMG_00118.JPG,118,2966.7,2134.4,3069.2,2185.7,cattle,0.7356
IMG_00118.JPG,118,3062.8,1863.1,3165.3,1914.4,cattle,0.8672
IMG_00118.JPG,118,1532.7,2599.6,1635.2,2650.9,cattle,0.8728
IMG_00118.JPG,118,2144.6,1162.5,2247.1,1213.7,cattle,0.8698
IMG_00118.JPG,118,2574.0,1450.7,2676.5,1502.0,cattle,0.8013
IMG_00118.JPG,118,1902.2,1179.9,2004.7,1231.1,cattle,0.7871
IMG_00118.JPG,118,2518.3,1777.5,2620.8,1828.7,cattle,0.9765
IMG_00118.JPG,118,2406.0,1158.4,2508.5,1209.7,cattle,0.8690
IMG_00118.JPG,118,1821.0,2578.0,1923.5,2629.2,cattle,0.6962
IMG_00118.JPG,118,2842.8,1522.4,2945.3,1573.7,cattle,0.8842
IMG_00118.JPG,118,2336.6,1785.5,2439.1,1836.7,cattle,0.8801
IMG_00118.JPG,118,2409.3,1955.1,2511.8,2006.4,horse,0.3853
IMG_00118.JPG,118,3148.5,2547.4,3251.0,2598.6,cattle,0.8967
IMG_00118.JPG,118,3554.7,1979.5,3657.2,2030.7,cattle,0.8221
IMG_00118.JPG,118,1722.2,2203.9,1824.7,2255.1,cattle,0.9218
IMG_00118.JPG,118,3853.2,2024.5,3955.7,2075.7,cattle,0.7988
IMG_00118.JPG,118,3252.4,1423.9,3354.9,1475.1,cattle,0.7966
IMG_00119.JPG,119,2979.4,2121.5,3081.6,2172.7,cattle,0.8923
IMG_00119.JPG,119,3052.6,2775.5,3154.8,2826.6,cattle,0.7509
IMG_00119.JPG,119,2148.6,2084.1,2250.9,2135.3,cattle,0.9622
IMG_00119.JPG,119,2566.9,2367.2,2669.2,2418.4,cattle,0.5117
IMG_00119.JPG,119,1903.8,2097.8,2006.1,2149.0,cattle,0.9731
IMG_00119.JPG,119,2515.5,2698.8,2617.8,2749.9,cattle,0.8520
IMG_00119.JPG,119,2405.1,2073.5,2507.4,2124.6,cattle,0.6230
IMG_00119.JPG,119,2845.0,2441.5,2947.3,2492.7,cattle,0.8869
IMG_00119.JPG,119,2333.8,2690.4,2436.1,2741.5,cattle,0.8310
IMG_00119.JPG,119,2411.4,2867.7,2513.7,2918.9,cattle,0.8966
IMG_00119.JPG,119,3554.9,2890.0,3657.1,2941.2,cattle,0.8100
IMG_00119.JPG,119,3847.3,2940.8,3949.6,2992.0,cattle,0.6543
IMG_00119.JPG,119,3252.7,2333.6,3355.0,2384.7,cattle,0.7128
IMG_00122.JPG,122,147.5,874.6,250.1,925.9,cattle,0.9333
IMG_00122.JPG,122,393.2,850.3,495.8,901.6,cattle,0.8315
IMG_00123.JPG,123,435.2,819.9,537.1,870.8,cattle,0.7922
IMG_00123.JPG,123,1380.4,283.2,1482.3,334.2,cattle,0.8462
IMG_00123.JPG,123,759.5,350.1,861.4,401.0,cattle,0.8292
IMG_00123.JPG,123,149.8,1775.5,251.7,1826.5,cattle,0.9021
IMG_00123.JPG,123,371.3,231.7,473.2,282.7,cattle,0.9563
IMG_00123.JPG,123,398.5,1764.8,500.4,1815.7,cattle,0.8748
IMG_00123.JPG,123,481.1,359.0,583.0,409.9,cattle,0.7810
IMG_00123.JPG,123,580.1,739.0,682.0,790.0,cattle,0.8872
IMG_00124.JPG,124,432.9,1725.6,535.3,1776.8,cattle,0.9017
IMG_00124.JPG,124,1383.3,1190.8,1485.7,1242.0,cattle,0.9566
IMG_00124.JPG,124,769.1,1251.0,871.5,1302.2,cattle,0.7992
IMG_00124.JPG,124,147.6,2689.3,250.0,2740.5,cattle,0.9659
IMG_00124.JPG,124,376.5,1129.4,478.9,1180.5,cattle,0.8958
IMG_00124.JPG,124,389.4,2669.5,491.8,2720.7,cattle,0.6100
IMG_00124.JPG,124,484.8,1270.6,587.2,1321.8,cattle,0.8480
IMG_00124.JPG,124,138.4,269.3,240.8,320.5,cattle,0.6648
IMG_00124.JPG,124,575.0,1645.9,677.4,1697.1,cattle,0.9434
IMG_00125.JPG,125,426.7,2621.7,528.6,2672.6,cattle,0.9284
IMG_00125.JPG,125,1382.4,2081.5,1484.3,2132.4,cattle,0.9015
IMG_00125.JPG,125,763.8,2140.8,865.7,2191.8,cattle,0.7848
IMG_00125.JPG,125,367.3,2018.6,469.2,2069.6,cattle,0.8662
IMG_00125.JPG,125,476.1,2158.2,578.0,2209.2,cattle,0.9002
IMG_00125.JPG,125,134.9,1156.1,236.7,1207.1,cattle,0.9700
IMG_00125.JPG,125,570.8,2541.9,672.7,2592.9,cattle,0.8364
IMG_00126.JPG,126,361.4,2922.7,462.8,2973.5,cattle,0.8181
IMG_00126.JPG,126,128.3,2054.9,229.8,2105.6,cattle,0.9308
IMG_00127.JPG,127,136.7,2934.0,238.4,2984.9,cattle,0.9308
IMG_00128.JPG,128,678.9,299.2,780.8,350.1,cattle,0.7952
IMG_00128.JPG,128,634.2,473.2,736.1,524.1,cattle,0.8163
IMG_00128.JPG,128,1248.3,237.4,1350.2,288.3,cattle,0.7345
IMG_00129.JPG,129,97.5,110.1,200.4,161.5,cattle,0.7287
IMG_00129.JPG,129,2475.4,102.1,2578.3,153.5,goat,0.4431
IMG_00129.JPG,129,1043.9,656.8,1146.8,708.2,cattle,0.9454
IMG_00129.JPG,129,514.7,244.7,617.6,296.2,cattle,0.8462
IMG_00129.JPG,129,1235.0,611.5,1337.9,662.9,cattle,0.8556
IMG_00129.JPG,129,1833.4,440.3,1936.3,491.7,cattle,0.9041
IMG_00129.JPG,129,686.1,787.4,789.0,838.9,cattle,0.8790
IMG_00129.JPG,129,669.8,1189.0,772.7,1240.4,cattle,0.9044
IMG_00129.JPG,129,374.4,467.1,477.3,518.6,cattle,0.4289
IMG_00129.JPG,129,1374.3,386.9,1477.2,438.4,cattle,0.8046
IMG_00129.JPG,129,629.8,1368.6,732.7,1420.1,cattle,0.8279
IMG_00129.JPG,129,1473.3,770.0,1576.3,821.5,cattle,0.9535
IMG_00129.JPG,129,1249.1,1131.6,1352.0,1183.0,cattle,0.9001
IMG_00129.JPG,129,889.0,16.0,991.9,67.5,horse,0.4472
IMG_00129.JPG,129,406.7,731.7,509.6,783.1,cattle,0.8920
IMG_00130.JPG,130,82.1,1002.2,184.7,1053.5,cattle,0.8487
IMG_00130.JPG,130,1145.5,69.8,1248.0,121.1,cattle,0.8407
IMG_00130.JPG,130,639.7,451.1,742.2,502.4,cattle,0.9547
IMG_00130.JPG,130,2475.3,973.5,2577.8,1024.8,cattle,0.6206
IMG_00130.JPG,130,1030.1,1549.8,1132.6,1601.1,cattle,0.9540
IMG_00130.JPG,130,123.4,337.9,225.9,389.2,cattle,0.7170
IMG_00130.JPG,130,503.0,1140.9,605.5,1192.2,cattle,0.5374
IMG_00130.JPG,130,1233.9,1497.7,1336.4,1548.9,cattle,0.9523
IMG_00130.JPG,130,1826.8,1321.0,1929.3,1372.2,cattle,0.7636
IMG_00130.JPG,130,1848.9,504.3,1951.4,555.6,cattle,0.7627
IMG_00130.JPG,130,679.4,1681.4,781.9,1732.7,cattle,0.6434
IMG_00130.JPG,130,2248.8,751.8,2351.3,803.1,cattle,0.7175
IMG_00130.JPG,130,673.0,2094.0,775.5,2145.3,cattle,0.9558
IMG_00130.JPG,130,573.2,238.2,675.7,289.5,cattle,0.7677
IMG_00130.JPG,130,948.2,750.2,1050.7,801.4,cattle,0.8441
IMG_00130.JPG,130,1238.3,822.9,1340.8,874.2,cattle,0.8739
IMG_00130.JPG,130,370.0,1358.2,472.5,1409.5,cattle,0.8130
IMG_00130.JPG,130,1365.5,1271.2,1468.0,1322.4,cattle,0.8266
IMG_00130.JPG,130,818.5,6.4,921.0,57.7,cattle,0.7212
IMG_00130.JPG,130,2164.1,636.6,2266.7,687.9,cattle,0.8750
IMG_00130.JPG,130,621.9,2259.2,724.4,2310.4,cattle,0.9822
IMG_00130.JPG,130,1408.0,671.4,1510.5,722.7,cattle,0.9170
IMG_00130.JPG,130,2530.0,195.0,2632.5,246.2,cattle,0.9098
IMG_00130.JPG,130,1466.1,1654.1,1568.6,1705.4,cattle,0.7970
IMG_00130.JPG,130,1412.9,160.0,1515.4,211.3,cattle,0.9087
IMG_00130.JPG,130,1250.0,2022.4,1352.5,2073.7,cattle,0.8612
IMG_00130.JPG,130,1626.1,730.4,1728.6,781.6,cattle,0.6925
IMG_00130.JPG,130,877.6,901.4,980.1,952.7,cattle,0.9313
IMG_00130.JPG,130,2321.0,115.4,2423.5,166.7,cattle,0.9063
IMG_00130.JPG,130,390.8,1626.3,493.3,1677.6,cattle,0.8395
IMG_00131.JPG,131,80.1,1903.9,182.3,1955.0,cattle,0.8879
IMG_00131.JPG,131,1141.9,967.9,1244.1,1019.0,cattle,0.9417
IMG_00131.JPG,131,637.2,1348.7,739.4,1399.7,cattle,0.5921
IMG_00131.JPG,131,1949.0,567.8,2051.2,618.9,cattle,0.9061
IMG_00131.JPG,131,2467.1,1872.3,2569.3,1923.4,cattle,0.9055
IMG_00131.JPG,131,1035.0,2449.4,1137.2,2500.5,cattle,0.6705
IMG_00131.JPG,131,120.1,1227.7,222.2,1278.8,cattle,0.9738
IMG_00131.JPG,131,509.6,2042.4,611.8,2093.5,cattle,0.9637
IMG_00131.JPG,131,1228.6,2399.0,1330.8,2450.1,cattle,0.8105
IMG_00131.JPG,131,1831.7,2225.7,1933.9,2276.8,cattle,0.8583
IMG_00131.JPG,131,678.9,2586.9,781.1,2638.0,cattle,0.9148
IMG_00131.JPG,131,2250.4,1641.7,2352.6,1692.8,cattle,0.8219
IMG_00131.JPG,131,576.6,1142.8,678.8,1193.9,cattle,0.8590
IMG_00131.JPG,131,188.0,406.3,290.2,457.4,sheep,0.5146
IMG_00131.JPG,131,947.3,1651.1,1049.5,1702.2,cattle,0.9827
IMG_00131.JPG,131,1189.2,817.3,1291.4,868.4,cattle,0.6789
IMG_00131.JPG,131,1235.1,1723.4,1337.3,1774.5,cattle,0.8920
IMG_00131.JPG,131,368.8,2263.3,471.0,2314.4,cattle,0.8541
IMG_00131.JPG,131,1362.9,2173.4,1465.1,2224.5,cattle,0.8415
IMG_00131.JPG,131,817.8,902.0,919.9,953.1,cattle,0.9116
IMG_00131.JPG,131,2162.0,1537.9,2264.2,1589.0,cattle,0.8891
IMG_00131.JPG,131,1406.4,1573.2,1508.6,1624.3,cattle,0.7224
IMG_00131.JPG,131,1050.8,529.9,1153.0,581.0,cattle,0.9856
IMG_00131.JPG,131,1472.4,2559.0,1574.6,2610.1,cattle,0.9240
IMG_00131.JPG,131,1416.9,1057.3,1519.1,1108.4,cattle,0.6443
IMG_00131.JPG,131,1243.9,2923.5,1346.1,2974.6,cattle,0.7284
IMG_00131.JPG,131,1630.5,1632.8,1732.7,1683.9,cattle,0.9592
IMG_00131.JPG,131,873.2,1805.1,975.4,1856.2,cattle,0.7970
IMG_00131.JPG,131,2319.8,1026.4,2421.9,1077.5,cattle,0.8435
IMG_00131.JPG,131,767.4,274.1,869.6,325.2,cattle,0.8732
IMG_00131.JPG,131,398.9,2536.4,501.0,2587.5,cattle,0.9352
IMG_00132.JPG,132,85.6,2776.4,186.6,2827.0,cattle,0.9221
IMG_00132.JPG,132,1146.2,1838.8,1247.2,1889.3,cattle,0.6228
IMG_00132.JPG,132,642.7,2223.5,743.7,2274.0,cattle,0.9277
IMG_00132.JPG,132,1950.4,1438.7,2051.4,1489.2,cattle,0.8943
IMG_00132.JPG,132,2468.7,2748.2,2569.7,2798.7,cattle,0.9270
IMG_00132.JPG,132,125.5,2099.0,226.5,2149.5,cattle,0.8843
IMG_00132.JPG,132,512.6,2899.3,613.6,2949.8,cattle,0.9041
IMG_00132.JPG,132,1848.5,2279.6,1949.5,2330.1,cattle,0.7713
IMG_00132.JPG,132,2245.9,2517.5,2346.9,2568.0,cattle,0.7718
IMG_00132.JPG,132,588.5,2012.6,689.5,2063.1,cattle,0.8209
IMG_00132.JPG,132,947.5,2514.6,1048.5,2565.1,cattle,0.7060
IMG_00132.JPG,132,1931.6,823.2,2032.6,873.7,cattle,0.8079
IMG_00132.JPG,132,1191.3,1692.8,1292.3,1743.3,cattle,0.9249
IMG_00132.JPG,132,1241.7,2590.4,1342.8,2640.9,cattle,0.9520
IMG_00132.JPG,132,1484.5,705.9,1585.5,756.4,cattle,0.7490
IMG_00132.JPG,132,824.0,1772.5,925.0,1823.0,cattle,0.8219
IMG_00132.JPG,132,2167.0,2412.1,2268.1,2462.6,cattle,0.8668
IMG_00132.JPG,132,1410.6,2438.5,1511.7,2489.0,cattle,0.9184
IMG_00132.JPG,132,1048.1,1393.7,1149.1,1444.2,cattle,0.7700
IMG_00132.JPG,132,2536.8,1973.7,2637.8,2024.2,cattle,0.9468
IMG_00132.JPG,132,1423.9,1928.7,1524.9,1979.2,cattle,0.6656
IMG_00132.JPG,132,1629.9,2492.3,1731.0,2542.8,cattle,0.9293
IMG_00132.JPG,132,878.3,2669.2,979.3,2719.7,cattle,0.8198
IMG_00132.JPG,132,2327.6,1891.2,2428.6,1941.7,cattle,0.6566
IMG_00132.JPG,132,770.6,1141.2,871.6,1191.7,cattle,0.7351
IMG_00133.JPG,133,1136.1,2749.0,1237.9,2799.9,cattle,0.8072
IMG_00133.JPG,133,1944.3,2357.6,2046.0,2408.5,cattle,0.7078
IMG_00133.JPG,133,564.6,2925.0,666.3,2975.8,cattle,0.9122
IMG_00133.JPG,133,187.0,2184.4,288.7,2235.3,cattle,0.9060
IMG_00133.JPG,133,1928.9,1742.5,2030.7,1793.3,cattle,0.9367
IMG_00133.JPG,133,1181.3,2604.7,1283.0,2655.6,cattle,0.9448
IMG_00133.JPG,133,1480.9,1626.9,1582.6,1677.8,cattle,0.7677
IMG_00133.JPG,133,809.1,2683.2,910.8,2734.1,cattle,0.9535
IMG_00133.JPG,133,1048.8,2312.1,1150.6,2363.0,cattle,0.8595
IMG_00133.JPG,133,2528.4,2892.9,2630.1,2943.7,cattle,0.6632
IMG_00133.JPG,133,1410.3,2841.1,1512.0,2892.0,cattle,0.8113
IMG_00133.JPG,133,2315.1,2817.6,2416.8,2868.5,cattle,0.7325
IMG_00133.JPG,133,763.5,2060.0,865.2,2110.9,cattle,0.8368
IMG_00134.JPG,134,1936.1,2639.5,2038.0,2690.4,cattle,0.8921
IMG_00137.JPG,137,3569.2,300.8,3670.0,351.3,cattle,0.8850
IMG_00138.JPG,138,3542.2,600.4,3644.6,651.6,cattle,0.9364
IMG_00138.JPG,138,3568.6,1213.7,3671.0,1264.9,cattle,0.8952
IMG_00138.JPG,138,2954.0,73.8,3056.4,125.0,cattle,0.9103
IMG_00138.JPG,138,3171.9,146.5,3274.3,197.7,cattle,0.7544
IMG_00139.JPG,139,3548.1,1500.3,3650.0,1551.3,cattle,0.7610
IMG_00139.JPG,139,3025.2,191.6,3127.1,242.6,cattle,0.8832
IMG_00139.JPG,139,3643.4,653.3,3745.3,704.3,goat,0.3555
IMG_00139.JPG,139,3252.1,421.7,3354.0,472.7,cattle,0.7873
IMG_00139.JPG,139,3568.8,2109.4,3670.7,2160.4,sheep,0.4358
IMG_00139.JPG,139,2962.2,968.8,3064.1,1019.8,cattle,0.9539
IMG_00139.JPG,139,3864.5,440.6,3966.5,491.5,cattle,0.8740
IMG_00139.JPG,139,3174.6,1044.1,3276.6,1095.0,cattle,0.9428
IMG_00140.JPG,140,3543.3,2389.1,3645.9,2440.3,cattle,0.9004
IMG_00140.JPG,140,3024.8,1073.0,3127.4,1124.2,cattle,0.8568
IMG_00140.JPG,140,3665.7,726.3,3768.2,777.6,cattle,0.9635
IMG_00140.JPG,140,3643.7,1540.0,3746.2,1591.3,cattle,0.8136
IMG_00140.JPG,140,3249.4,1300.9,3351.9,1352.1,cattle,0.9169
IMG_00140.JPG,140,3331.6,1414.3,3434.2,1465.6,cattle,0.9138
IMG_00140.JPG,140,2960.5,1853.4,3063.0,1904.7,cattle,0.9369
IMG_00140.JPG,140,3868.4,1319.9,3970.9,1371.2,cattle,0.8900
IMG_00140.JPG,140,3173.0,1927.2,3275.5,1978.4,cattle,0.9480
IMG_00141.JPG,141,3666.2,1647.6,3767.7,1698.4,cattle,0.9639
IMG_00141.JPG,141,3649.6,2452.9,3751.1,2503.7,cattle,0.9227
IMG_00141.JPG,141,3247.6,2216.7,3349.1,2267.4,cattle,0.7584
IMG_00141.JPG,141,3338.8,2329.3,3440.3,2380.0,cattle,0.9309
IMG_00141.JPG,141,2961.0,2771.7,3062.4,2822.5,cattle,0.7211
IMG_00141.JPG,141,3870.3,2234.1,3971.8,2284.8,cattle,0.9483
IMG_00141.JPG,141,3173.2,2841.6,3274.7,2892.4,cattle,0.9865
IMG_00142.JPG,142,3021.2,2912.2,3122.5,2962.9,cattle,0.6804
IMG_00142.JPG,142,3668.3,2569.3,3769.6,2620.0,cattle,0.9786
