truth_id,label,latitude,longitude
T00001,cattle,-33.86814146,151.21117151
T00002,cattle,-33.86741969,151.21023554
T00003,cattle,-33.86732288,151.21016243
T00004,cattle,-33.86745672,151.21182155
T00005,cattle,-33.86825347,151.21132041
T00006,cattle,-33.86830300,151.21079917
T00007,cattle,-33.86768439,151.21018262
T00008,cattle,-33.86882235,151.21161484
T00009,cattle,-33.86756982,151.21036940
T00010,cattle,-33.86852132,151.21170775
T00011,cattle,-33.86864668,151.21168973
T00012,cattle,-33.86842166,151.21129881
T00013,cattle,-33.86864798,151.21187866
T00014,cattle,-33.86854688,151.21210279
T00015,cattle,-33.86742030,151.20993274
T00016,cattle,-33.86855357,151.21167667
T00017,cattle,-33.86727780,151.21207389
T00018,cattle,-33.86735139,151.21195383
T00019,cattle,-33.86864296,151.21162139
T00020,cattle,-33.86869512,151.21159773
T00021,cattle,-33.86720297,151.21226327
T00022,cattle,-33.86732857,151.21001339
T00023,cattle,-33.86829223,151.21090142
T00024,cattle,-33.86855660,151.21195793
T00025,cattle,-33.86828158,151.21122565
T00026,cattle,-33.86746002,151.21237948
T00027,cattle,-33.86816463,151.21123267
T00028,cattle,-33.86756648,151.21204243
T00029,cattle,-33.86750773,151.21016202
T00030,cattle,-33.86822846,151.21141751
T00031,cattle,-33.86827973,151.21141941
T00032,cattle,-33.86732636,151.21183464
T00033,cattle,-33.86747944,151.20976883
T00034,cattle,-33.86819354,151.21111605
T00035,cattle,-33.86748516,151.21192067
T00036,cattle,-33.86735637,151.21020739
T00037,cattle,-33.86732122,151.21012809
T00038,cattle,-33.86883412,151.21180872
T00039,cattle,-33.86755747,151.21208787
T00040,cattle,-33.86836265,151.21133819
T00041,cattle,-33.86745336,151.21005040
T00042,cattle,-33.86816063,151.21107170
T00043,cattle,-33.86852153,151.21129990
T00044,cattle,-33.86752559,151.21222891
T00045,cattle,-33.86736721,151.21223654
T00046,cattle,-33.86799229,151.21153841
T00047,cattle,-33.86748005,151.21015204
T00048,cattle,-33.86725477,151.20997980
T00049,cattle,-33.86759183,151.21195846
T00050,cattle,-33.86741481,151.21232857
T00051,cattle,-33.86877763,151.21171133
T00052,cattle,-33.86752577,151.21010032
T00053,cattle,-33.86828770,151.21157273
T00054,cattle,-33.86833628,151.21161003
T00055,cattle,-33.86746551,151.20988223
T00056,cattle,-33.86767023,151.21195567
T00057,cattle,-33.86742413,151.21016145
T00058,cattle,-33.86731034,151.21193977
T00059,cattle,-33.86716612,151.21185254
T00060,cattle,-33.86740998,151.21202534
T00061,cattle,-33.86803185,151.21129886
T00062,cattle,-33.86752831,151.21023828
T00063,cattle,-33.86806472,151.21102494
T00064,cattle,-33.86813437,151.21126501
T00065,cattle,-33.86853225,151.21186590
T00066,cattle,-33.86841781,151.21162758
T00067,cattle,-33.86729244,151.20992620
T00068,cattle,-33.86708383,151.21226086
T00069,cattle,-33.86841271,151.21157543
T00070,cattle,-33.86883193,151.21186655
T00071,cattle,-33.86724997,151.21208500
T00072,cattle,-33.86733823,151.21167502
T00073,cattle,-33.86742627,151.21209237
T00074,cattle,-33.86767894,151.20999325
T00075,cattle,-33.86759299,151.21013006
T00076,cattle,-33.86744718,151.21026392
T00077,cattle,-33.86838437,151.21136628
T00078,cattle,-33.86752731,151.21188724
T00079,cattle,-33.86751386,151.21211993
T00080,cattle,-33.86705861,151.21215751
T00081,cattle,-33.86726437,151.21199757
T00082,cattle,-33.86871232,151.21172587
T00083,cattle,-33.86739301,151.21230908
T00084,cattle,-33.86770378,151.21194329
T00085,cattle,-33.86746310,151.21145031
T00086,cattle,-33.86803658,151.21111139
T00087,cattle,-33.86823151,151.21129971
T00088,cattle,-33.86883475,151.21174951
T00089,cattle,-33.86754826,151.21026287
T00090,cattle,-33.86745452,151.20991806
T00091,cattle,-33.86816343,151.21144195
T00092,cattle,-33.86739692,151.21213307
T00093,cattle,-33.86719297,151.21205392
T00094,cattle,-33.86749741,151.21005644
T00095,cattle,-33.86796296,151.21094247
T00096,cattle,-33.86855897,151.21189169
T00097,cattle,-33.86740113,151.21018792
T00098,cattle,-33.86821331,151.21125113
T00099,cattle,-33.86813680,151.21158651
T00100,cattle,-33.86832410,151.21117570
T00101,cattle,-33.86730857,151.21239804
T00102,cattle,-33.86840168,151.21121946
T00103,cattle,-33.86807675,151.21112735
T00104,cattle,-33.86812689,151.21114261
T00105,cattle,-33.86876165,151.21164805
T00106,cattle,-33.86743666,151.21020300
T00107,cattle,-33.86711004,151.21026225
T00108,cattle,-33.86825489,151.21123966
T00109,cattle,-33.86758950,151.21214242
T00110,cattle,-33.86797840,151.21150606
T00111,cattle,-33.86729720,151.21213689
T00112,cattle,-33.86821211,151.21102746
T00113,cattle,-33.86759136,151.21034923
T00114,cattle,-33.86830209,151.21112246
T00115,cattle,-33.86871424,151.21176780
T00116,cattle,-33.86867913,151.21175099
T00117,cattle,-33.86836276,151.21181536
T00118,cattle,-33.86766002,151.21208972
T00119,cattle,-33.86853967,151.21135943
T00120,cattle,-33.86811051,151.21145918
T00121,cattle,-33.86849975,151.21125559
T00122,cattle,-33.86855967,151.21158121
T00123,cattle,-33.86740696,151.21060567
T00124,cattle,-33.86867072,151.21148320
T00125,cattle,-33.86840905,151.21125226
T00126,cattle,-33.86725208,151.20994566
T00127,cattle,-33.86726277,151.21037615
T00128,cattle,-33.86740914,151.21218421
T00129,cattle,-33.86744020,151.21200779
T00130,cattle,-33.86730282,151.20988760
T00131,cattle,-33.86750861,151.21174479
T00132,cattle,-33.86815957,151.21132598
T00133,cattle,-33.86863368,151.21191199
T00134,cattle,-33.86758339,151.20992659
T00135,cattle,-33.86729303,151.21234875
T00136,cattle,-33.86780786,151.21108002
T00137,cattle,-33.86754530,151.21047238
T00138,cattle,-33.86849436,151.21131676
T00139,cattle,-33.86829577,151.21119142
T00140,cattle,-33.86866003,151.21141360
T00141,cattle,-33.86837942,151.21116081
T00142,cattle,-33.86714168,151.21198885
T00143,cattle,-33.86737087,151.21001538
T00144,cattle,-33.86744928,151.20995421
T00145,cattle,-33.86761311,151.21028883
T00146,cattle,-33.86725620,151.21015799
T00147,cattle,-33.86737103,151.20994734
T00148,cattle,-33.86877972,151.21155159
T00149,cattle,-33.86758021,151.21189152
T00150,cattle,-33.86749301,151.21052672
