image,latitude,longitude,relative_altitude,gimbal_yaw,gimbal_pitch,gimbal_roll
IMG_00001.JPG,-33.86909122,151.20923392,60.57,0.48,-90.39,0.00
IMG_00002.JPG,-33.86891419,151.20923921,59.71,0.30,-90.41,0.00
IMG_00003.JPG,-33.86874313,151.20924219,60.31,0.46,-89.67,0.00
IMG_00004.JPG,-33.86856356,151.20924826,59.88,0.56,-91.02,0.00
IMG_00005.JPG,-33.86839024,151.20924791,59.66,0.97,-90.13,0.00
IMG_00006.JPG,-33.86821643,151.20925139,59.98,0.69,-89.84,0.00
IMG_00007.JPG,-33.86803964,151.20925709,60.08,0.91,-90.24,0.00
IMG_00008.JPG,-33.86786351,151.20925765,60.00,0.32,-90.26,0.00
IMG_00009.JPG,-33.86769340,151.20926189,60.03,1.07,-90.45,0.00
IMG_00010.JPG,-33.86751398,151.20926380,59.83,1.04,-90.49,0.00
IMG_00011.JPG,-33.86733907,151.20926971,60.17,0.17,-89.79,0.00
IMG_00012.JPG,-33.86716425,151.20927478,59.92,1.32,-89.80,0.00
IMG_00013.JPG,-33.86698482,151.20927894,60.30,1.12,-90.41,0.00
IMG_00014.JPG,-33.86681116,151.20927427,59.55,0.35,-89.91,0.00
IMG_00015.JPG,-33.86663286,151.20928557,60.48,0.95,-89.69,0.00
IMG_00016.JPG,-33.86664134,151.20965956,60.03,-178.50,-90.61,0.00
IMG_00017.JPG,-33.86681515,151.20965636,60.12,-179.16,-89.91,0.00
IMG_00018.JPG,-33.86699135,151.20965257,60.51,-178.43,-90.21,0.00
IMG_00019.JPG,-33.86716667,151.20964196,59.94,-178.79,-89.70,0.00
IMG_00020.JPG,-33.86734229,151.20964593,59.98,-179.45,-89.91,0.00
IMG_00021.JPG,-33.86751772,151.20964004,60.31,-179.07,-89.86,0.00
IMG_00022.JPG,-33.86769159,151.20964153,59.65,-178.57,-89.65,0.00
IMG_00023.JPG,-33.86787090,151.20963027,60.24,-178.83,-90.43,0.00
IMG_00024.JPG,-33.86804408,151.20962517,60.75,-178.61,-89.32,0.00
IMG_00025.JPG,-33.86822137,151.20962484,60.22,-179.20,-90.19,0.00
IMG_00026.JPG,-33.86839583,151.20961936,60.31,-178.82,-90.21,0.00
IMG_00027.JPG,-33.86857148,151.20961776,60.23,-179.54,-89.49,0.00
IMG_00028.JPG,-33.86874762,151.20961311,60.05,-179.36,-89.65,0.00
IMG_00029.JPG,-33.86892593,151.20960873,59.99,-178.47,-90.04,0.00
IMG_00030.JPG,-33.86909611,151.20961196,60.00,-178.47,-89.67,0.00
IMG_00031.JPG,-33.86910081,151.20998178,59.82,0.47,-89.60,0.00
IMG_00032.JPG,-33.86892159,151.20998482,59.74,0.94,-90.33,0.00
IMG_00033.JPG,-33.86875337,151.20998675,59.51,0.53,-89.71,0.00
IMG_00034.JPG,-33.86857613,151.20999076,60.15,0.70,-90.06,0.00
IMG_00035.JPG,-33.86840589,151.20999970,59.90,1.11,-90.66,0.00
IMG_00036.JPG,-33.86822575,151.20999907,59.44,0.92,-90.50,0.00
IMG_00037.JPG,-33.86804825,151.21000452,59.85,1.46,-89.81,0.00
IMG_00038.JPG,-33.86787163,151.21000398,60.20,1.11,-89.38,0.00
IMG_00039.JPG,-33.86769986,151.21000622,59.71,1.05,-89.55,0.00
IMG_00040.JPG,-33.86752846,151.21001600,60.21,0.88,-90.18,0.00
IMG_00041.JPG,-33.86735147,151.21001799,60.39,1.55,-90.21,0.00
IMG_00042.JPG,-33.86717613,151.21001823,59.58,0.29,-90.39,0.00
IMG_00043.JPG,-33.86699763,151.21003041,59.78,0.78,-88.91,0.00
IMG_00044.JPG,-33.86682271,151.21002630,59.94,0.50,-90.75,0.00
IMG_00045.JPG,-33.86664626,151.21003737,60.36,0.74,-90.31,0.00
IMG_00046.JPG,-33.86665282,151.21040300,59.90,-179.53,-89.80,0.00
IMG_00047.JPG,-33.86683226,151.21040541,59.88,-179.21,-90.03,0.00
IMG_00048.JPG,-33.86700442,151.21040282,59.91,-178.27,-89.81,0.00
IMG_00049.JPG,-33.86717824,151.21039727,60.26,-178.94,-89.46,0.00
IMG_00050.JPG,-33.86735322,151.21038929,59.93,-179.51,-90.00,0.00
IMG_00051.JPG,-33.86752716,151.21038369,59.78,-178.75,-89.44,0.00
IMG_00052.JPG,-33.86770467,151.21038549,59.71,-178.37,-90.13,0.00
IMG_00053.JPG,-33.86787802,151.21037990,59.81,-179.71,-90.70,0.00
IMG_00054.JPG,-33.86805659,151.21037770,59.40,-179.39,-90.52,0.00
IMG_00055.JPG,-33.86822711,151.21037425,59.47,-179.01,-89.88,0.00
IMG_00056.JPG,-33.86840593,151.21036906,59.98,-179.50,-90.27,0.00
IMG_00057.JPG,-33.86858153,151.21036830,59.82,-177.91,-90.64,0.00
IMG_00058.JPG,-33.86875716,151.21035886,60.12,-177.80,-90.30,0.00
IMG_00059.JPG,-33.86893501,151.21035826,60.12,-178.95,-89.88,0.00
IMG_00060.JPG,-33.86910693,151.21035555,59.67,-179.07,-89.59,0.00
IMG_00061.JPG,-33.86910955,151.21072593,60.65,0.80,-90.00,0.00
IMG_00062.JPG,-33.86893756,151.21073293,59.93,1.06,-90.37,0.00
IMG_00063.JPG,-33.86876212,151.21073686,60.33,0.99,-89.49,0.00
IMG_00064.JPG,-33.86858633,151.21074421,60.06,0.69,-90.50,0.00
IMG_00065.JPG,-33.86841252,151.21074171,59.33,0.93,-89.69,0.00
IMG_00066.JPG,-33.86823926,151.21074723,60.23,1.01,-90.50,0.00
IMG_00067.JPG,-33.86805716,151.21074638,60.32,1.42,-90.56,0.00
IMG_00068.JPG,-33.86788379,151.21075430,59.87,1.02,-90.64,0.00
IMG_00069.JPG,-33.86771312,151.21076227,60.49,0.49,-90.08,0.00
IMG_00070.JPG,-33.86753355,151.21076498,59.93,-0.23,-89.53,0.00
IMG_00071.JPG,-33.86735976,151.21076307,60.09,0.90,-89.61,0.00
IMG_00072.JPG,-33.86718549,151.21076576,60.08,1.11,-90.09,0.00
IMG_00073.JPG,-33.86700974,151.21077819,59.88,2.14,-90.27,0.00
IMG_00074.JPG,-33.86683352,151.21077254,60.54,1.46,-89.88,0.00
IMG_00075.JPG,-33.86665889,151.21078189,59.87,1.05,-89.55,0.00
IMG_00076.JPG,-33.86666116,151.21114754,60.70,-178.34,-90.00,0.00
IMG_00077.JPG,-33.86683758,151.21114666,59.84,-178.52,-89.85,0.00
IMG_00078.JPG,-33.86701772,151.21114368,59.81,-179.11,-90.30,0.00
IMG_00079.JPG,-33.86718836,151.21114895,60.13,-178.22,-90.86,0.00
IMG_00080.JPG,-33.86736766,151.21114046,60.10,-178.65,-90.28,0.00
IMG_00081.JPG,-33.86753741,151.21113565,59.55,-178.57,-89.60,0.00
IMG_00082.JPG,-33.86771412,151.21112861,60.08,-178.45,-89.62,0.00
IMG_00083.JPG,-33.86789417,151.21112613,59.97,-179.09,-89.79,0.00
IMG_00084.JPG,-33.86806548,151.21112377,59.43,-179.32,-90.35,0.00
IMG_00085.JPG,-33.86824236,151.21111994,60.13,-178.59,-89.80,0.00
IMG_00086.JPG,-33.86841529,151.21111455,60.26,-178.66,-90.15,0.00
IMG_00087.JPG,-33.86859356,151.21111313,60.17,-178.49,-89.06,0.00
IMG_00088.JPG,-33.86876549,151.21110579,59.95,-179.86,-89.91,0.00
IMG_00089.JPG,-33.86894494,151.21110376,59.74,-178.40,-89.54,0.00
IMG_00090.JPG,-33.86911951,151.21110175,60.50,-179.73,-90.76,0.00
IMG_00091.JPG,-33.86912220,151.21147578,60.62,0.83,-90.24,0.00
IMG_00092.JPG,-33.86894863,151.21148486,59.71,1.46,-90.28,0.00
IMG_00093.JPG,-33.86877518,151.21148223,60.50,1.30,-89.74,0.00
IMG_00094.JPG,-33.86859778,151.21148804,59.98,0.83,-89.72,0.00
IMG_00095.JPG,-33.86842129,151.21148773,59.90,1.51,-89.80,0.00
IMG_00096.JPG,-33.86824756,151.21149277,59.95,1.33,-90.18,0.00
IMG_00097.JPG,-33.86807669,151.21149798,60.02,1.61,-90.15,0.00
IMG_00098.JPG,-33.86789439,151.21149928,60.23,0.47,-89.55,0.00
IMG_00099.JPG,-33.86771820,151.21150051,60.12,1.91,-90.62,0.00
IMG_00100.JPG,-33.86754351,151.21150695,60.15,1.43,-90.50,0.00
IMG_00101.JPG,-33.86737147,151.21151208,59.32,0.92,-89.35,0.00
IMG_00102.JPG,-33.86719425,151.21151286,59.63,1.26,-89.83,0.00
IMG_00103.JPG,-33.86702416,151.21152101,60.20,0.78,-90.10,0.00
IMG_00104.JPG,-33.86684514,151.21152129,60.21,1.33,-89.98,0.00
IMG_00105.JPG,-33.86666798,151.21152497,60.15,1.12,-89.85,0.00
IMG_00106.JPG,-33.86667077,151.21189922,59.41,-178.88,-89.98,0.00
IMG_00107.JPG,-33.86684873,151.21189533,59.77,-178.64,-90.30,0.00
IMG_00108.JPG,-33.86703008,151.21189336,60.00,-179.87,-89.71,0.00
IMG_00109.JPG,-33.86719544,151.21188983,60.46,-178.98,-90.06,0.00
IMG_00110.JPG,-33.86737376,151.21188834,59.89,-178.70,-89.27,0.00
IMG_00111.JPG,-33.86754997,151.21188282,60.04,-178.87,-89.78,0.00
IMG_00112.JPG,-33.86772635,151.21188047,59.57,-179.34,-90.68,0.00
IMG_00113.JPG,-33.86789785,151.21187204,60.30,-179.77,-90.63,0.00
IMG_00114.JPG,-33.86807812,151.21187109,60.59,-179.23,-89.68,0.00
IMG_00115.JPG,-33.86825046,151.21187070,59.24,-179.15,-89.16,0.00
IMG_00116.JPG,-33.86842794,151.21186454,59.84,-179.13,-91.10,0.00
IMG_00117.JPG,-33.86860476,151.21185846,60.32,-178.90,-90.04,0.00
IMG_00118.JPG,-33.86877633,151.21185547,59.59,-178.80,-90.40,0.00
IMG_00119.JPG,-33.86895156,151.21185106,59.72,-178.61,-90.25,0.00
IMG_00120.JPG,-33.86912831,151.21185049,60.49,-178.57,-91.00,0.00
IMG_00121.JPG,-33.86913320,151.21222184,59.62,0.44,-90.04,0.00
IMG_00122.JPG,-33.86895605,151.21222071,59.54,1.19,-90.43,0.00
IMG_00123.JPG,-33.86878210,151.21223280,59.94,0.59,-89.10,0.00
IMG_00124.JPG,-33.86860718,151.21223346,59.67,1.98,-89.21,0.00
IMG_00125.JPG,-33.86843507,151.21223810,59.95,0.78,-89.89,0.00
IMG_00126.JPG,-33.86825526,151.21223960,60.23,0.18,-89.77,0.00
IMG_00127.JPG,-33.86808554,151.21224310,60.07,0.73,-89.86,0.00
IMG_00128.JPG,-33.86790808,151.21224609,59.95,1.67,-89.87,0.00
IMG_00129.JPG,-33.86773439,151.21224865,59.36,1.62,-89.94,0.00
IMG_00130.JPG,-33.86756050,151.21225154,59.58,0.18,-89.92,0.00
IMG_00131.JPG,-33.86738484,151.21225849,59.77,1.26,-89.61,0.00
IMG_00132.JPG,-33.86720509,151.21226686,60.47,0.41,-89.90,0.00
IMG_00133.JPG,-33.86703214,151.21226376,60.05,1.22,-90.07,0.00
IMG_00134.JPG,-33.86685390,151.21226922,59.98,1.27,-89.85,0.00
IMG_00135.JPG,-33.86667695,151.21227139,59.98,1.27,-89.96,0.00
IMG_00136.JPG,-33.86668616,151.21264874,60.40,-178.57,-89.78,0.00
IMG_00137.JPG,-33.86686011,151.21264460,60.56,-179.42,-89.85,0.00
IMG_00138.JPG,-33.86703306,151.21263970,59.65,-179.34,-89.62,0.00
IMG_00139.JPG,-33.86721120,151.21263842,59.92,-179.97,-89.35,0.00
IMG_00140.JPG,-33.86738353,151.21263110,59.58,-179.55,-90.28,0.00
IMG_00141.JPG,-33.86756411,151.21262544,60.19,-179.41,-90.06,0.00
IMG_00142.JPG,-33.86773917,151.21262462,60.29,-179.52,-89.22,0.00
IMG_00143.JPG,-33.86791284,151.21261896,59.77,-179.86,-90.14,0.00
IMG_00144.JPG,-33.86809046,151.21261900,59.82,179.78,-90.34,0.00
IMG_00145.JPG,-33.86826288,151.21261668,60.18,-178.76,-90.13,0.00
IMG_00146.JPG,-33.86843836,151.21261413,59.91,-179.19,-90.42,0.00
IMG_00147.JPG,-33.86861519,151.21260770,59.94,-178.15,-90.10,0.00
IMG_00148.JPG,-33.86878710,151.21259970,60.08,-179.10,-90.04,0.00
IMG_00149.JPG,-33.86896008,151.21259747,60.01,-178.26,-89.77,0.00
IMG_00150.JPG,-33.86914079,151.21259803,59.80,-178.23,-89.78,0.00
